epitopes_aa,epitopes_hla,cdr3_a_aa,cdr3_b_aa,epitope_species,epitope_gene,source,validated,v_a_gene,v_b_gene
"GYLQPRTFLL,VGYLQPRTF,YLQPRTFLL,YLQPRTFLLK,YLRPRTFLL","A*02:01,A*24:02,B*07:02",CVVNRGDKLVF,CATGDSNTGELFF,Covid19,S,Xie_2025,True,TRAV12-1,TRBV7-8
"GYLQPRTFLL,VGYLQPRTF,YLQPRTFLL,YLQPRTFLLK,YLRPRTFLL","A*02:01,A*24:02,B*07:02",CVVNRDDKIIF,CARSDANTGELFF,Covid19,S,Xie_2025,True,TRAV12-1,TRBV7-8
"GYLQPRTFLL,VGYLQPRTF,YLQPRTFLL,YLQPRTFLLK,YLRPRTFLL","A*02:01,A*24:02,B*07:02",CVVNMPQAGTALIF,CAILADMNTGELFF,Covid19,S,Xie_2025,True,TRAV12-1,TRBV10-3
"GYLQPRTFLL,VGYLQPRTF,YLQPRTFLL,YLQPRTFLLK,YLRPRTFLL","A*02:01,A*24:02,B*07:02",CVVNNEDDMRF,CATEAVNTGELFF,Covid19,S,Xie_2025,True,TRAV12-1,TRBV24-1
"GYLQPRTFLL,VGYLQPRTF,YLQPRTFLL,YLQPRTFLLK,YLRPRTFLL","A*02:01,A*24:02,B*07:02",CVVNNNDKLIF,CASSDGNTGELFF,Covid19,S,Xie_2025,True,TRAV12-1,TRBV7-9
"GYLQPRTFLL,VGYLQPRTF,YLQPRTFLL,YLQPRTFLLK,YLRPRTFLL","A*02:01,A*24:02,B*07:02",CVVNNNAGNMLTF,CANQDLNTGELFF,Covid19,S,Xie_2025,True,TRAV12-1,TRBV6-2
"GYLQPRTFLL,VGYLQPRTF,YLQPRTFLL,YLQPRTFLLK,YLRPRTFLL","A*02:01,A*24:02,B*07:02",CVVNGDTDKLIF,CASSFQNTGELFF,Covid19,S,Xie_2025,True,TRAV12-1,TRBV7-8
"GYLQPRTFLL,VGYLQPRTF,YLQPRTFLL,YLQPRTFLLK,YLRPRTFLL","A*02:01,A*24:02,B*07:02",CVVNNNNDMRF,CASQELNTGELFF,Covid19,S,Xie_2025,True,TRAV12-1,TRBV6-4
"GYLQPRTFLL,VGYLQPRTF,YLQPRTFLL,YLQPRTFLLK,YLRPRTFLL","A*02:01,A*24:02,B*07:02",CVVNDGNKLVF,CARQFMNTGELFF,Covid19,S,Xie_2025,True,TRAV12-1,TRBV2
"GYLQPRTFLL,VGYLQPRTF,YLQPRTFLL,YLQPRTFLLK,YLRPRTFLL","A*02:01,A*24:02,B*07:02",CVVNCDGNKLVF,CAIQDGNTGELFF,Covid19,S,Xie_2025,True,TRAV12-1,TRBV2
"GYLQPRTFLL,VGYLQPRTF,YLQPRTFLL,YLQPRTFLLK,YLRPRTFLL","A*02:01,A*24:02,B*07:02",CAAPTTSGTYKYIF,CASNNPNTGELFF,Covid19,S,Xie_2025,True,TRAV29/DV5,TRBV7-8
"GYLQPRTFLL,VGYLQPRTF,YLQPRTFLL,YLQPRTFLLK,YLRPRTFLL","A*02:01,A*24:02,B*07:02",CVVNRDDKIIF,CASSDSYGYTF,Covid19,S,Xie_2025,True,TRAV12-1,TRBV7-8
"GYLQPRTFLL,VGYLQPRTF,YLQPRTFLL,YLQPRTFLLK,YLRPRTFLL","A*02:01,A*24:02,B*07:02",CVVNAMDDMRF,CAQGQGNTGELFF,Covid19,S,Xie_2025,True,TRAV12-1,TRBV12-4
"GYLQPRTFLL,VGYLQPRTF,YLQPRTFLL,YLQPRTFLLK,YLRPRTFLL","A*02:01,A*24:02,B*07:02",CVVNSGDKLIF,CARGRPNTGELFF,Covid19,S,Xie_2025,True,TRAV12-1,TRBV7-9
"GYLQPRTFLL,VGYLQPRTF,YLQPRTFLL,YLQPRTFLLK,YLRPRTFLL","A*02:01,A*24:02,B*07:02",CVVNGVGNDMRF,CASQDSNTGELFF,Covid19,S,Xie_2025,True,TRAV12-1,TRBV19
"GYLQPRTFLL,VGYLQPRTF,YLQPRTFLL,YLQPRTFLLK,YLRPRTFLL","A*02:01,A*24:02,B*07:02",CAVGRGGNNARLMF,CASQTVNTGELFF,Covid19,S,Xie_2025,True,TRAV1-2,TRBV19
"GYLQPRTFLL,VGYLQPRTF,YLQPRTFLL,YLQPRTFLLK,YLRPRTFLL","A*02:01,A*24:02,B*07:02",CAASSPSYNTDKLIF,CASSSDIEAFF,Covid19,S,Xie_2025,True,TRAV13-1,TRBV7-9
"GYLQPRTFLL,VGYLQPRTF,YLQPRTFLL,YLQPRTFLLK,YLRPRTFLL","A*02:01,A*24:02,B*07:02",CVVNDSWGKLQF,CASSILASTDTQYF,Covid19,S,Xie_2025,True,TRAV12-1,TRBV19
"GYLQPRTFLL,VGYLQPRTF,YLQPRTFLL,YLQPRTFLLK,YLRPRTFLL","A*02:01,A*24:02,B*07:02",CVVNDSWGKLQF,CASSILASTDTQYF,Covid19,S,Xie_2025,True,TRAV12-1,TRBV18
"GYLQPRTFLL,VGYLQPRTF,YLQPRTFLL,YLQPRTFLLK,YLRPRTFLL","A*02:01,A*24:02,B*07:02",CAVVLTSGTYKYIF,CASSPDIEAFF,Covid19,S,Xie_2025,True,TRAV39,TRBV7-9
"GYLQPRTFLL,VGYLQPRTF,YLQPRTFLL,YLQPRTFLLK,YLRPRTFLL","A*02:01,A*24:02,B*07:02",CVVNDVQAGTALIF,CAAEDRTNTGELFF,Covid19,S,Xie_2025,True,TRAV12-1,TRBV24-1
"GYLQPRTFLL,VGYLQPRTF,YLQPRTFLL,YLQPRTFLLK,YLRPRTFLL","A*02:01,A*24:02,B*07:02",CVVNREDDMRF,CATGNANTGELFF,Covid19,S,Xie_2025,True,TRAV12-1,TRBV24-1
"GYLQPRTFLL,VGYLQPRTF,YLQPRTFLL,YLQPRTFLLK,YLRPRTFLL","A*02:01,A*24:02,B*07:02",CAVNRDDKIIF,CASSPDIEAFF,Covid19,S,Xie_2025,True,TRAV12-2,TRBV7-9
"GYLQPRTFLL,VGYLQPRTF,YLQPRTFLL,YLQPRTFLLK,YLRPRTFLL","A*02:01,A*24:02,B*07:02",CVVNKEDTLTF,CAYLDSNTGELFF,Covid19,S,Xie_2025,True,TRAV12-1,TRBV30
"GYLQPRTFLL,VGYLQPRTF,YLQPRTFLL,YLQPRTFLLK,YLRPRTFLL","A*02:01,A*24:02,B*07:02",CVVNWDTDKLIF,CAFPSNYNTGELFF,Covid19,S,Xie_2025,True,TRAV12-1,TRBV12-3
"GYLQPRTFLL,VGYLQPRTF,YLQPRTFLL,YLQPRTFLLK,YLRPRTFLL","A*02:01,A*24:02,B*07:02",CVVNRDDKIIF,CASSDSMGYTF,Covid19,S,Xie_2025,True,TRAV12-1,TRBV7-8
"GYLQPRTFLL,VGYLQPRTF,YLQPRTFLL,YLQPRTFLLK,YLRPRTFLL","A*02:01,A*24:02,B*07:02",CAVNQDDKIIF,CASSLDIVQFF,Covid19,S,Xie_2025,True,TRAV12-2,TRBV7-9
"GYLQPRTFLL,VGYLQPRTF,YLQPRTFLL,YLQPRTFLLK,YLRPRTFLL","A*02:01,A*24:02,B*07:02",CVVPSLDDYKLSF,CASRGPNTGELFF,Covid19,S,Xie_2025,True,TRAV12-1,TRBV24-1
"GYLQPRTFLL,VGYLQPRTF,YLQPRTFLL,YLQPRTFLLK,YLRPRTFLL","A*02:01,A*24:02,B*07:02",CAVNDPGYSTLTF,CASSPLGGGNTGELFF,Covid19,S,Xie_2025,True,TRAV12-1,TRBV19
"GYLQPRTFLL,VGYLQPRTF,YLQPRTFLL,YLQPRTFLLK,YLRPRTFLL","A*02:01,A*24:02,B*07:02",CALRHTGNQFYF,CASSILASTDTQYF,Covid19,S,Xie_2025,True,TRAV16,TRBV19
"GYLQPRTFLL,VGYLQPRTF,YLQPRTFLL,YLQPRTFLLK,YLRPRTFLL","A*02:01,A*24:02,B*07:02",CALDYGGSQGNLIF,CASSLHYGEQYF,Covid19,S,Xie_2025,True,TRAV19,TRBV7-9
"GYLQPRTFLL,VGYLQPRTF,YLQPRTFLL,YLQPRTFLLK,YLRPRTFLL","A*02:01,A*24:02,B*07:02",CAVGAYPTTSGTYKYIF,CASSDSMGYTF,Covid19,S,Xie_2025,True,TRAV8-3,TRBV7-8
"GYLQPRTFLL,VGYLQPRTF,YLQPRTFLL,YLQPRTFLLK,YLRPRTFLL","A*02:01,A*24:02,B*07:02",CVVNRDDKIIF,CASSDSLGYTF,Covid19,S,Xie_2025,True,TRAV12-1,TRBV7-8
"GYLQPRTFLL,VGYLQPRTF,YLQPRTFLL,YLQPRTFLLK,YLRPRTFLL","A*02:01,A*24:02,B*07:02",CVVNRPGGSYIPTF,CASLPDLNTGELFF,Covid19,S,Xie_2025,True,TRAV12-1,TRBV19
"GYLQPRTFLL,VGYLQPRTF,YLQPRTFLL,YLQPRTFLLK,YLRPRTFLL","A*02:01,A*24:02,B*07:02",CVVNIDTDKLIF,CASNEGNTGELFF,Covid19,S,Xie_2025,True,TRAV12-1,TRBV7-9
"GYLQPRTFLL,VGYLQPRTF,YLQPRTFLL,YLQPRTFLLK,YLRPRTFLL","A*02:01,A*24:02,B*07:02",CVVNRDDKIIF,CASSPEIEAFF,Covid19,S,Xie_2025,True,TRAV12-1,TRBV7-9
"GYLQPRTFLL,VGYLQPRTF,YLQPRTFLL,YLQPRTFLLK,YLRPRTFLL","A*02:01,A*24:02,B*07:02",CAPVDGQKLLF,CASSPDIEAFF,Covid19,S,Xie_2025,True,TRAV16,TRBV7-9
"GYLQPRTFLL,VGYLQPRTF,YLQPRTFLL,YLQPRTFLLK,YLRPRTFLL","A*02:01,A*24:02,B*07:02",CAVNAYTDKLIF,CAPGDANTGELFF,Covid19,S,Xie_2025,True,TRAV12-2,TRBV7-9
"GYLQPRTFLL,VGYLQPRTF,YLQPRTFLL,YLQPRTFLLK,YLRPRTFLL","A*02:01,A*24:02,B*07:02",CAALGGGGADGLTF,CAWSVLPLGGGELFF,Covid19,S,Xie_2025,True,TRAV13-1,TRBV30
"GYLQPRTFLL,VGYLQPRTF,YLQPRTFLL,YLQPRTFLLK,YLRPRTFLL","A*02:01,A*24:02,B*07:02",CVVNKDDKIIF,CASSPDIEAFF,Covid19,S,Xie_2025,True,TRAV12-1,TRBV7-9
"GYLQPRTFLL,VGYLQPRTF,YLQPRTFLL,YLQPRTFLLK,YLRPRTFLL","A*02:01,A*24:02,B*07:02",CVVNSPSGNTPLVF,CSARDERATNTGELFF,Covid19,S,Xie_2025,True,TRAV12-1,TRBV20-1
"GYLQPRTFLL,VGYLQPRTF,YLQPRTFLL,YLQPRTFLLK,YLRPRTFLL","A*02:01,A*24:02,B*07:02",CVVNILNDMRF,CATQDANTGELFF,Covid19,S,Xie_2025,True,TRAV12-1,TRBV15
"GYLQPRTFLL,VGYLQPRTF,YLQPRTFLL,YLQPRTFLLK,YLRPRTFLL","A*02:01,A*24:02,B*07:02",CAVNDDMRF,CASSDLNNLEAFF,Covid19,S,Xie_2025,True,TRAV12-2,TRBV2
"GYLQPRTFLL,VGYLQPRTF,YLQPRTFLL,YLQPRTFLLK,YLRPRTFLL","A*02:01,A*24:02,B*07:02",CVVNNGDDMRF,CGRRGNQNTGELFF,Covid19,S,Xie_2025,True,TRAV12-1,TRBV2
"GYLQPRTFLL,VGYLQPRTF,YLQPRTFLL,YLQPRTFLLK,YLRPRTFLL","A*02:01,A*24:02,B*07:02",CVVNGEYGNKLVF,CATVGDQNTGELFF,Covid19,S,Xie_2025,True,TRAV12-1,TRBV2
"GYLQPRTFLL,VGYLQPRTF,YLQPRTFLL,YLQPRTFLLK,YLRPRTFLL","A*02:01,A*24:02,B*07:02",CVVNSPGAGSYQLTF,CASSPPGGGNTGELFF,Covid19,S,Xie_2025,True,TRAV12-1,TRBV5-4
"GYLQPRTFLL,VGYLQPRTF,YLQPRTFLL,YLQPRTFLLK,YLRPRTFLL","A*02:01,A*24:02,B*07:02",CAVNGDDKIIF,CASSPDIEAFF,Covid19,S,Xie_2025,True,TRAV12-2,TRBV7-9
"GYLQPRTFLL,VGYLQPRTF,YLQPRTFLL,YLQPRTFLLK,YLRPRTFLL","A*02:01,A*24:02,B*07:02",CVVNSMDDYKLSF,CASREPNTGELFF,Covid19,S,Xie_2025,True,TRAV12-1,TRBV4-2
"GYLQPRTFLL,VGYLQPRTF,YLQPRTFLL,YLQPRTFLLK,YLRPRTFLL","A*02:01,A*24:02,B*07:02",CVVNSGNDMRF,CASMTSMNTGELFF,Covid19,S,Xie_2025,True,TRAV12-1,TRBV2
"GYLQPRTFLL,VGYLQPRTF,YLQPRTFLL,YLQPRTFLLK,YLRPRTFLL","A*02:01,A*24:02,B*07:02",CVVNRDDKIIF,CASGDPNTGELFF,Covid19,S,Xie_2025,True,TRAV12-1,TRBV7-9
"GYLQPRTFLL,VGYLQPRTF,YLQPRTFLL,YLQPRTFLLK,YLRPRTFLL","A*02:01,A*24:02,B*07:02",CAARRASDWDTGRRALTF,CASSPTITAGEQYF,Covid19,S,Xie_2025,True,TRAV23/DV6,TRBV4-2
"GYLQPRTFLL,VGYLQPRTF,YLQPRTFLL,YLQPRTFLLK,YLRPRTFLL","A*02:01,A*24:02,B*07:02",CGAARSYNTDKLIF,CASSPWEGGAEAFF,Covid19,S,Minervina_2022,True,TRAV34,TRBV7-9
"GYLQPRTFLL,VGYLQPRTF,YLQPRTFLL,YLQPRTFLLK,YLRPRTFLL","A*02:01,A*24:02,B*07:02",CAAIPFSGGYNKLIF,CASSPLDSYNEQFF,Covid19,S,Minervina_2022,True,TRAV13-1,TRBV11-2
"GYLQPRTFLL,VGYLQPRTF,YLQPRTFLL,YLQPRTFLLK,YLRPRTFLL","A*02:01,A*24:02,B*07:02",CAVNEEDKIIF,CALGSANTGELFF,Covid19,S,Minervina_2022,True,TRAV12-2,TRBV7-9
"GYLQPRTFLL,VGYLQPRTF,YLQPRTFLL,YLQPRTFLLK,YLRPRTFLL","A*02:01,A*24:02,B*07:02",CVVNRNNDMRF,CATQDGNTGELFF,Covid19,S,Minervina_2022,True,TRAV12-1,TRBV15
"GYLQPRTFLL,VGYLQPRTF,YLQPRTFLL,YLQPRTFLLK,YLRPRTFLL","A*02:01,A*24:02,B*07:02",CVVNKGDKIIF,CASSPDIEAFF,Covid19,S,Minervina_2022,True,TRAV12-1,TRBV7-9
"GYLQPRTFLL,VGYLQPRTF,YLQPRTFLL,YLQPRTFLLK,YLRPRTFLL","A*02:01,A*24:02,B*07:02",CAVTGGYNKLIF,CASSQVPPGGVYGYTF,Covid19,S,Minervina_2022,True,TRAV1-2,TRBV4-3
"GYLQPRTFLL,VGYLQPRTF,YLQPRTFLL,YLQPRTFLLK,YLRPRTFLL","A*02:01,A*24:02,B*07:02",CVVNKEDKIIF,CATLTDRNTGELFF,Covid19,S,Minervina_2022,True,TRAV12-1,TRBV13
"GYLQPRTFLL,VGYLQPRTF,YLQPRTFLL,YLQPRTFLLK,YLRPRTFLL","A*02:01,A*24:02,B*07:02",CAVNGQAGTALIF,CASSQDSYNEQFF,Covid19,S,Minervina_2022,True,TRAV12-2,TRBV3-1
"GYLQPRTFLL,VGYLQPRTF,YLQPRTFLL,YLQPRTFLLK,YLRPRTFLL","A*02:01,A*24:02,B*07:02",CVVNREDDMRF,CASTDSNTGELFF,Covid19,S,Minervina_2022,True,TRAV12-1,TRBV5-1
"GYLQPRTFLL,VGYLQPRTF,YLQPRTFLL,YLQPRTFLLK,YLRPRTFLL","A*02:01,A*24:02,B*07:02",CVVNSGDKLTF,CASSPDIEAFF,Covid19,S,Minervina_2022,True,TRAV12-1,TRBV7-9
"GYLQPRTFLL,VGYLQPRTF,YLQPRTFLL,YLQPRTFLLK,YLRPRTFLL","A*02:01,A*24:02,B*07:02",CVVNDEDDMRF,CASSDRNTGELFF,Covid19,S,Minervina_2022,True,TRAV12-1,TRBV4-3
"GYLQPRTFLL,VGYLQPRTF,YLQPRTFLL,YLQPRTFLLK,YLRPRTFLL","A*02:01,A*24:02,B*07:02",CVVNKEDDMRF,CASSEQNSNTIYF,Covid19,S,Minervina_2022,True,TRAV12-1,TRBV10-1
"GYLQPRTFLL,VGYLQPRTF,YLQPRTFLL,YLQPRTFLLK,YLRPRTFLL","A*02:01,A*24:02,B*07:02",CAVETQGGSEKLVF,CASSYGPYTGELFF,Covid19,S,Minervina_2022,True,TRAV21,TRBV6-5
"GYLQPRTFLL,VGYLQPRTF,YLQPRTFLL,YLQPRTFLLK,YLRPRTFLL","A*02:01,A*24:02,B*07:02",CAGGSRVF,CASSLGRGRSTEAFF,Covid19,S,Minervina_2022,True,TRAV27,TRBV5-4
"GYLQPRTFLL,VGYLQPRTF,YLQPRTFLL,YLQPRTFLLK,YLRPRTFLL","A*02:01,A*24:02,B*07:02",CAATIANAGGTSYGKLTF,CASSQDRVTSSYNEQFF,Covid19,S,Minervina_2022,True,TRAV13-1,TRBV4-3
"GYLQPRTFLL,VGYLQPRTF,YLQPRTFLL,YLQPRTFLLK,YLRPRTFLL","A*02:01,A*24:02,B*07:02",CAVNSADKLIF,CASSRDIEAFF,Covid19,S,Minervina_2022,True,TRAV12-2,TRBV7-9
"GYLQPRTFLL,VGYLQPRTF,YLQPRTFLL,YLQPRTFLLK,YLRPRTFLL","A*02:01,A*24:02,B*07:02",CAVNMDDKIIF,CASSPDIEAFF,Covid19,S,Minervina_2022,True,TRAV12-2,TRBV7-9
"GYLQPRTFLL,VGYLQPRTF,YLQPRTFLL,YLQPRTFLLK,YLRPRTFLL","A*02:01,A*24:02,B*07:02",CAMSGYKLSF,CASSEGPGGDEQYF,Covid19,S,Minervina_2022,True,TRAV12-3,TRBV6-1
"GYLQPRTFLL,VGYLQPRTF,YLQPRTFLL,YLQPRTFLLK,YLRPRTFLL","A*02:01,A*24:02,B*07:02",CAVNTLMYSGGGADGLTF,CASSPDIEAFF,Covid19,S,Minervina_2022,True,TRAV12-2,TRBV7-9
"GYLQPRTFLL,VGYLQPRTF,YLQPRTFLL,YLQPRTFLLK,YLRPRTFLL","A*02:01,A*24:02,B*07:02",CAVNGLSGGGADGLTF,CASSPDIEAFF,Covid19,S,Minervina_2022,True,TRAV12-2,TRBV7-9
"GYLQPRTFLL,VGYLQPRTF,YLQPRTFLL,YLQPRTFLLK,YLRPRTFLL","A*02:01,A*24:02,B*07:02",CVVNRRDDMRF,CASTEGNTGELFF,Covid19,S,Minervina_2022,True,TRAV12-1,TRBV12-3
"GYLQPRTFLL,VGYLQPRTF,YLQPRTFLL,YLQPRTFLLK,YLRPRTFLL","A*02:01,A*24:02,B*07:02",CVVNEYDDMRF,CSARDAAGQNTGELFF,Covid19,S,Minervina_2022,True,TRAV12-1,TRBV20-1
"GYLQPRTFLL,VGYLQPRTF,YLQPRTFLL,YLQPRTFLLK,YLRPRTFLL","A*02:01,A*24:02,B*07:02",CVVNSADKLIF,CASSPEIKAFF,Covid19,S,Minervina_2022,True,TRAV12-1,TRBV7-9
"GYLQPRTFLL,VGYLQPRTF,YLQPRTFLL,YLQPRTFLLK,YLRPRTFLL","A*02:01,A*24:02,B*07:02",CVVNMEDKLVF,CASLRQNSGEQFF,Covid19,S,Minervina_2022,True,TRAV12-1,TRBV10-2
"GYLQPRTFLL,VGYLQPRTF,YLQPRTFLL,YLQPRTFLLK,YLRPRTFLL","A*02:01,A*24:02,B*07:02",CVVNRYDDMRF,CSALRDKNTGELFF,Covid19,S,Minervina_2022,True,TRAV12-1,TRBV20-1
"GYLQPRTFLL,VGYLQPRTF,YLQPRTFLL,YLQPRTFLLK,YLRPRTFLL","A*02:01,A*24:02,B*07:02",CVVNAPSGNTPLVF,CSARDLGAQNTGELFF,Covid19,S,Minervina_2022,True,TRAV12-1,TRBV20-1
"GYLQPRTFLL,VGYLQPRTF,YLQPRTFLL,YLQPRTFLLK,YLRPRTFLL","A*02:01,A*24:02,B*07:02",CVVNRADKLVF,CASSDANTGELFF,Covid19,S,Minervina_2022,True,TRAV12-1,TRBV7-9
"GYLQPRTFLL,VGYLQPRTF,YLQPRTFLL,YLQPRTFLLK,YLRPRTFLL","A*02:01,A*24:02,B*07:02",CAVRDLNMDTGRRALTF,CASSLGGEGKTQYF,Covid19,S,Minervina_2022,True,TRAV3,TRBV5-6
"GYLQPRTFLL,VGYLQPRTF,YLQPRTFLL,YLQPRTFLLK,YLRPRTFLL","A*02:01,A*24:02,B*07:02",CVVNKENNLFF,CAWGSMNTGELFF,Covid19,S,Minervina_2022,True,TRAV12-1,TRBV30
"GYLQPRTFLL,VGYLQPRTF,YLQPRTFLL,YLQPRTFLLK,YLRPRTFLL","A*02:01,A*24:02,B*07:02",CVVNGADKLIF,CASSPDIEAFF,Covid19,S,Minervina_2022,True,TRAV12-1,TRBV7-9
"GYLQPRTFLL,VGYLQPRTF,YLQPRTFLL,YLQPRTFLLK,YLRPRTFLL","A*02:01,A*24:02,B*07:02",CAVSNSGYSTLTF,CASSPDIEAFF,Covid19,S,Minervina_2022,True,TRAV21,TRBV7-9
"GYLQPRTFLL,VGYLQPRTF,YLQPRTFLL,YLQPRTFLLK,YLRPRTFLL","A*02:01,A*24:02,B*07:02",CVVNSFDKLIF,CASSLEIEQYF,Covid19,S,Minervina_2022,True,TRAV12-1,TRBV7-9
"GYLQPRTFLL,VGYLQPRTF,YLQPRTFLL,YLQPRTFLLK,YLRPRTFLL","A*02:01,A*24:02,B*07:02",CVVNRDDKIIF,CASSHRNTLEAFF,Covid19,S,Minervina_2022,True,TRAV12-1,TRBV4-3
"GYLQPRTFLL,VGYLQPRTF,YLQPRTFLL,YLQPRTFLLK,YLRPRTFLL","A*02:01,A*24:02,B*07:02",CVVNWQYGNKLVF,CAGQDSNTGELFF,Covid19,S,Minervina_2022,True,TRAV12-1,TRBV19
"GYLQPRTFLL,VGYLQPRTF,YLQPRTFLL,YLQPRTFLLK,YLRPRTFLL","A*02:01,A*24:02,B*07:02",CAASLNNFNKFYF,CASSHRNTLEAFF,Covid19,S,Minervina_2022,True,TRAV13-1,TRBV4-3
"GYLQPRTFLL,VGYLQPRTF,YLQPRTFLL,YLQPRTFLLK,YLRPRTFLL","A*02:01,A*24:02,B*07:02",CAVIGGSQGNLIF,CAIEDRNTGELFF,Covid19,S,Minervina_2022,True,TRAV12-2,TRBV10-3
"GYLQPRTFLL,VGYLQPRTF,YLQPRTFLL,YLQPRTFLLK,YLRPRTFLL","A*02:01,A*24:02,B*07:02",CVVNNNNDMRF,CATQDQNTGELFF,Covid19,S,Minervina_2022,True,TRAV12-1,TRBV19
"GYLQPRTFLL,VGYLQPRTF,YLQPRTFLL,YLQPRTFLLK,YLRPRTFLL","A*02:01,A*24:02,B*07:02",CAVPVIYNQGGKLIF,CASSPRITGTDEAFF,Covid19,S,Minervina_2022,True,TRAV1-2,TRBV28
"GYLQPRTFLL,VGYLQPRTF,YLQPRTFLL,YLQPRTFLLK,YLRPRTFLL","A*02:01,A*24:02,B*07:02",CVVNKEDRLMF,CASGDTNTGELFF,Covid19,S,Minervina_2022,True,TRAV12-1,TRBV5-1
"GYLQPRTFLL,VGYLQPRTF,YLQPRTFLL,YLQPRTFLLK,YLRPRTFLL","A*02:01,A*24:02,B*07:02",CAVNEDDKIIF,CASSSDISAFF,Covid19,S,Minervina_2022,True,TRAV12-2,TRBV7-9
"GYLQPRTFLL,VGYLQPRTF,YLQPRTFLL,YLQPRTFLLK,YLRPRTFLL","A*02:01,A*24:02,B*07:02",CVVNRRDDMRF,CSAHRDQNTGELFF,Covid19,S,Minervina_2022,True,TRAV12-1,TRBV20-1
"GYLQPRTFLL,VGYLQPRTF,YLQPRTFLL,YLQPRTFLLK,YLRPRTFLL","A*02:01,A*24:02,B*07:02",CVVNKEDDMRF,CASTETNTGELFF,Covid19,S,Minervina_2022,True,TRAV12-1,TRBV5-1
"GYLQPRTFLL,VGYLQPRTF,YLQPRTFLL,YLQPRTFLLK,YLRPRTFLL","A*02:01,A*24:02,B*07:02",CVVNRYDGLTF,CSAGERNTGELFF,Covid19,S,Minervina_2022,True,TRAV12-1,TRBV20-1
"GYLQPRTFLL,VGYLQPRTF,YLQPRTFLL,YLQPRTFLLK,YLRPRTFLL","A*02:01,A*24:02,B*07:02",CAASIKAGSARQLTF,CASSLDIEQYF,Covid19,S,Minervina_2022,True,TRAV13-1,TRBV7-9
"GYLQPRTFLL,VGYLQPRTF,YLQPRTFLL,YLQPRTFLLK,YLRPRTFLL","A*02:01,A*24:02,B*07:02",CGGNRDDKIIF,CASSPDIEQYF,Covid19,S,Minervina_2022,True,TRAV12-1,TRBV7-9
"GYLQPRTFLL,VGYLQPRTF,YLQPRTFLL,YLQPRTFLLK,YLRPRTFLL","A*02:01,A*24:02,B*07:02",CVVNRGDKLVF,CASDDPNTGELFF,Covid19,S,Minervina_2022,True,TRAV12-1,TRBV7-9
"GYLQPRTFLL,VGYLQPRTF,YLQPRTFLL,YLQPRTFLLK,YLRPRTFLL","A*02:01,A*24:02,B*07:02",CVVNRDNDMRF,CASQILNTGELFF,Covid19,S,Minervina_2022,True,TRAV12-1,TRBV19
"GYLQPRTFLL,VGYLQPRTF,YLQPRTFLL,YLQPRTFLLK,YLRPRTFLL","A*02:01,A*24:02,B*07:02",CVVNNNNDMRF,CASNEENTGELFF,Covid19,S,Minervina_2022,True,TRAV12-1,TRBV5-1
"GYLQPRTFLL,VGYLQPRTF,YLQPRTFLL,YLQPRTFLLK,YLRPRTFLL","A*02:01,A*24:02,B*07:02",CAFMKHYQNSGGSNYKLTF,CASSQDNYGGSPLHF,Covid19,S,Minervina_2022,True,TRAV38-1,TRBV4-3
"GYLQPRTFLL,VGYLQPRTF,YLQPRTFLL,YLQPRTFLLK,YLRPRTFLL","A*02:01,A*24:02,B*07:02",CVVSDTNNAGNMLTF,CASKERGYYNEQFF,Covid19,S,Minervina_2022,True,TRAV8-2,TRBV27
"GYLQPRTFLL,VGYLQPRTF,YLQPRTFLL,YLQPRTFLLK,YLRPRTFLL","A*02:01,A*24:02,B*07:02",CALEGDYGGATNKLIF,CSVLGFWNEQFF,Covid19,S,Minervina_2022,True,TRAV8-1,TRBV20-1
"GYLQPRTFLL,VGYLQPRTF,YLQPRTFLL,YLQPRTFLLK,YLRPRTFLL","A*02:01,A*24:02,B*07:02",CAEIGGGSQGNLIF,CASTPLGGTDTQYF,Covid19,S,Minervina_2022,True,TRAV5,TRBV28
"GYLQPRTFLL,VGYLQPRTF,YLQPRTFLL,YLQPRTFLLK,YLRPRTFLL","A*02:01,A*24:02,B*07:02",CVVNENNDMRF,CASGDENTGELFF,Covid19,S,Minervina_2022,True,TRAV12-1,TRBV5-1
"GYLQPRTFLL,VGYLQPRTF,YLQPRTFLL,YLQPRTFLLK,YLRPRTFLL","A*02:01,A*24:02,B*07:02",CALSGQVQDQGGSEKLVF,CASSHDIEAFF,Covid19,S,Minervina_2022,True,TRAV16,TRBV7-9
"GYLQPRTFLL,VGYLQPRTF,YLQPRTFLL,YLQPRTFLLK,YLRPRTFLL","A*02:01,A*24:02,B*07:02",CVVNKEDRLMF,CAFGQQNTGELFF,Covid19,S,Minervina_2022,True,TRAV12-1,TRBV30
"GYLQPRTFLL,VGYLQPRTF,YLQPRTFLL,YLQPRTFLLK,YLRPRTFLL","A*02:01,A*24:02,B*07:02",CAVRDWRTNAGKSTF,CASSPDIEQYF,Covid19,S,Minervina_2022,True,TRAV3,TRBV7-9
"GYLQPRTFLL,VGYLQPRTF,YLQPRTFLL,YLQPRTFLLK,YLRPRTFLL","A*02:01,A*24:02,B*07:02",CVVNKDDDMRF,CASQDRNTGELFF,Covid19,S,Minervina_2022,True,TRAV12-1,TRBV28
"GYLQPRTFLL,VGYLQPRTF,YLQPRTFLL,YLQPRTFLLK,YLRPRTFLL","A*02:01,A*24:02,B*07:02",CAVNRDDKIIF,CASSPDIEQYF,Covid19,S,Minervina_2022,True,TRAV12-2,TRBV7-9
"GYLQPRTFLL,VGYLQPRTF,YLQPRTFLL,YLQPRTFLLK,YLRPRTFLL","A*02:01,A*24:02,B*07:02",CVVNKEDRLMF,CASSLDIELFF,Covid19,S,Minervina_2022,True,TRAV12-1,TRBV7-9
"GYLQPRTFLL,VGYLQPRTF,YLQPRTFLL,YLQPRTFLLK,YLRPRTFLL","A*02:01,A*24:02,B*07:02",CVVNALDDMRF,CASSLGYEQFF,Covid19,S,Minervina_2022,True,TRAV12-1,TRBV7-8
"GYLQPRTFLL,VGYLQPRTF,YLQPRTFLL,YLQPRTFLLK,YLRPRTFLL","A*02:01,A*24:02,B*07:02",CVVNEDDKIIF,CASSPDIEAFF,Covid19,S,Minervina_2022,True,TRAV12-1,TRBV7-9
"GYLQPRTFLL,VGYLQPRTF,YLQPRTFLL,YLQPRTFLLK,YLRPRTFLL","A*02:01,A*24:02,B*07:02",CVPNEGDKIIF,CASSLDIEAFF,Covid19,S,Minervina_2022,True,TRAV12-1,TRBV7-9
"GYLQPRTFLL,VGYLQPRTF,YLQPRTFLL,YLQPRTFLLK,YLRPRTFLL","A*02:01,A*24:02,B*07:02",CVVNGGDKIIF,CASSADIEAFF,Covid19,S,Minervina_2022,True,TRAV12-1,TRBV7-9
"GYLQPRTFLL,VGYLQPRTF,YLQPRTFLL,YLQPRTFLLK,YLRPRTFLL","A*02:01,A*24:02,B*07:02",CVVNRNNDMRF,CASMDENTGELFF,Covid19,S,Minervina_2022,True,TRAV12-1,TRBV5-1
"GYLQPRTFLL,VGYLQPRTF,YLQPRTFLL,YLQPRTFLLK,YLRPRTFLL","A*02:01,A*24:02,B*07:02",CVVNRDDKIIF,CASIVRNSLEAFF,Covid19,S,Minervina_2022,True,TRAV12-1,TRBV5-6
"GYLQPRTFLL,VGYLQPRTF,YLQPRTFLL,YLQPRTFLLK,YLRPRTFLL","A*02:01,A*24:02,B*07:02",CALVTNAGKSTF,CASGLARGDYNEQFF,Covid19,S,Minervina_2022,True,TRAV19,TRBV12-5
"GYLQPRTFLL,VGYLQPRTF,YLQPRTFLL,YLQPRTFLLK,YLRPRTFLL","A*02:01,A*24:02,B*07:02",CAVQANYNTDKLIF,CASAPAISGELFF,Covid19,S,Minervina_2022,True,TRAV20,TRBV6-2
"GYLQPRTFLL,VGYLQPRTF,YLQPRTFLL,YLQPRTFLLK,YLRPRTFLL","A*02:01,A*24:02,B*07:02",CVVNQADKLIF,CASSWDIEQYF,Covid19,S,Minervina_2022,True,TRAV12-1,TRBV7-9
"GYLQPRTFLL,VGYLQPRTF,YLQPRTFLL,YLQPRTFLLK,YLRPRTFLL","A*02:01,A*24:02,B*07:02",CALSEARNFQKLVF,CASSPHRQGARGNTIYF,Covid19,S,Minervina_2022,True,TRAV19,TRBV5-6
"GYLQPRTFLL,VGYLQPRTF,YLQPRTFLL,YLQPRTFLLK,YLRPRTFLL","A*02:01,A*24:02,B*07:02",CVVNKGDKIIF,CASGDANTGELFF,Covid19,S,Zhang_2023,True,TRAV12-1,TRBV7-9
"GYLQPRTFLL,VGYLQPRTF,YLQPRTFLL,YLQPRTFLLK,YLRPRTFLL","A*02:01,A*24:02,B*07:02",CVVNDGNKLVF,CATQSMNTGELFF,Covid19,S,Zhang_2023,True,TRAV12-1,TRBV2
"GYLQPRTFLL,VGYLQPRTF,YLQPRTFLL,YLQPRTFLLK,YLRPRTFLL","A*02:01,A*24:02,B*07:02",CVVNDNNDMRF,CASQDLNTGELFF,Covid19,S,Zhang_2023,True,TRAV12-1,TRBV19
"GYLQPRTFLL,VGYLQPRTF,YLQPRTFLL,YLQPRTFLLK,YLRPRTFLL","A*02:01,A*24:02,B*07:02",CAVNKGDRLMF,CASTLNPEQDNTGELFF,Covid19,S,Zhang_2023,True,TRAV12-1,TRBV7-9
"GYLQPRTFLL,VGYLQPRTF,YLQPRTFLL,YLQPRTFLLK,YLRPRTFLL","A*02:01,A*24:02,B*07:02",CAVNRDDKIIF,CSARDLTAHNTGELFF,Covid19,S,Zhang_2023,True,TRAV12-2,TRBV20-1
"GYLQPRTFLL,VGYLQPRTF,YLQPRTFLL,YLQPRTFLLK,YLRPRTFLL","A*02:01,A*24:02,B*07:02",CVVNRDNDMRF,CASSDLDTGELFF,Covid19,S,Zhang_2023,True,TRAV12-1,TRBV7-8
"GYLQPRTFLL,VGYLQPRTF,YLQPRTFLL,YLQPRTFLLK,YLRPRTFLL","A*02:01,A*24:02,B*07:02",CAVNEDDKIIF,CASSPEIEAFF,Covid19,S,Zhang_2023,True,TRAV12-1,TRBV7-9
"GYLQPRTFLL,VGYLQPRTF,YLQPRTFLL,YLQPRTFLLK,YLRPRTFLL","A*02:01,A*24:02,B*07:02",CVVNREDRLMF,CASSGTGTSGNTGELFF,Covid19,S,Zhang_2023,True,TRAV12-1,TRBV9
"GYLQPRTFLL,VGYLQPRTF,YLQPRTFLL,YLQPRTFLLK,YLRPRTFLL","A*02:01,A*24:02,B*07:02",CVVNNPNSGYALNF,CASSPLAGGNTGELFF,Covid19,S,Zhang_2023,True,TRAV12-1,TRBV3-1
"GYLQPRTFLL,VGYLQPRTF,YLQPRTFLL,YLQPRTFLLK,YLRPRTFLL","A*02:01,A*24:02,B*07:02",CVVNDPNSNSGYALNF,CASSFLGQNTGELFF,Covid19,S,Zhang_2023,True,TRAV12-1,TRBV12-4
"GYLQPRTFLL,VGYLQPRTF,YLQPRTFLL,YLQPRTFLLK,YLRPRTFLL","A*02:01,A*24:02,B*07:02",CAVNREDDMRF,CASSDRNTGELFF,Covid19,S,Zhang_2023,True,TRAV12-1,TRBV28
"GYLQPRTFLL,VGYLQPRTF,YLQPRTFLL,YLQPRTFLLK,YLRPRTFLL","A*02:01,A*24:02,B*07:02",CVVNNNNDMRF,CASQEANTGELFF,Covid19,S,Zhang_2023,True,TRAV12-1,TRBV4-3
"GYLQPRTFLL,VGYLQPRTF,YLQPRTFLL,YLQPRTFLLK,YLRPRTFLL","A*02:01,A*24:02,B*07:02",CVVNLNNDMRF,CASSELNTGELFF,Covid19,S,Zhang_2023,True,TRAV12-1,TRBV2
"GYLQPRTFLL,VGYLQPRTF,YLQPRTFLL,YLQPRTFLLK,YLRPRTFLL","A*02:01,A*24:02,B*07:02",CAGTYKYIF,CASSDQNTGELFF,Covid19,S,Zhang_2023,True,TRAV27,TRBV7-8
"GYLQPRTFLL,VGYLQPRTF,YLQPRTFLL,YLQPRTFLLK,YLRPRTFLL","A*02:01,A*24:02,B*07:02",CVVNGNTDKLIF,CAIGDQNTGELFF,Covid19,S,Zhang_2023,True,TRAV12-1,TRBV7-2
"GYLQPRTFLL,VGYLQPRTF,YLQPRTFLL,YLQPRTFLLK,YLRPRTFLL","A*02:01,A*24:02,B*07:02",CAVNRNDKIIF,CASSLDIEAFF,Covid19,S,Zhang_2023,True,TRAV12-1,TRBV7-9
"GYLQPRTFLL,VGYLQPRTF,YLQPRTFLL,YLQPRTFLLK,YLRPRTFLL","A*02:01,A*24:02,B*07:02",CVVNEEDKIIF,CASSLDLPGEFF,Covid19,S,Zhang_2023,True,TRAV12-1,TRBV7-9
"GYLQPRTFLL,VGYLQPRTF,YLQPRTFLL,YLQPRTFLLK,YLRPRTFLL","A*02:01,A*24:02,B*07:02",CASNNNNDMRF,CATQKLDTGELFF,Covid19,S,Zhang_2023,True,TRAV12-1,TRBV15
"GYLQPRTFLL,VGYLQPRTF,YLQPRTFLL,YLQPRTFLLK,YLRPRTFLL","A*02:01,A*24:02,B*07:02",CVVNSGNDMRF,CASSDLDTGELFF,Covid19,S,Zhang_2023,True,TRAV12-1,TRBV2
"GYLQPRTFLL,VGYLQPRTF,YLQPRTFLL,YLQPRTFLLK,YLRPRTFLL","A*02:01,A*24:02,B*07:02",CVVNDPSGNTPLVF,CSARDYGATNTGELFF,Covid19,S,Zhang_2023,True,TRAV12-1,TRBV20-1
"GYLQPRTFLL,VGYLQPRTF,YLQPRTFLL,YLQPRTFLLK,YLRPRTFLL","A*02:01,A*24:02,B*07:02",CVVNGNTDKLIF,CASSDQNTGELFF,Covid19,S,Zhang_2023,True,TRAV12-1,TRBV7-8
"GYLQPRTFLL,VGYLQPRTF,YLQPRTFLL,YLQPRTFLLK,YLRPRTFLL","A*02:01,A*24:02,B*07:02",CVVNDNNDMRF,CASQTLNTGELFF,Covid19,S,Zhang_2023,True,TRAV12-1,TRBV2
"GYLQPRTFLL,VGYLQPRTF,YLQPRTFLL,YLQPRTFLLK,YLRPRTFLL","A*02:01,A*24:02,B*07:02",CAVNELDDMRF,CASASSNTGELFF,Covid19,S,Zhang_2023,True,TRAV12-1,TRBV5-1
"GYLQPRTFLL,VGYLQPRTF,YLQPRTFLL,YLQPRTFLLK,YLRPRTFLL","A*02:01,A*24:02,B*07:02",CAVNSHDKIIF,CASSPDIEQFF,Covid19,S,Zhang_2023,True,TRAV12-1,TRBV7-9
"GYLQPRTFLL,VGYLQPRTF,YLQPRTFLL,YLQPRTFLLK,YLRPRTFLL","A*02:01,A*24:02,B*07:02",CAEIPTGNQFYF,CATQSMNTGELFF,Covid19,S,Zhang_2023,True,TRAV13-2,TRBV2
"GYLQPRTFLL,VGYLQPRTF,YLQPRTFLL,YLQPRTFLLK,YLRPRTFLL","A*02:01,A*24:02,B*07:02",CAVNKLDKLVF,CASGDGNTGELFF,Covid19,S,Zhang_2023,True,TRAV12-1,TRBV7-9
"GYLQPRTFLL,VGYLQPRTF,YLQPRTFLL,YLQPRTFLLK,YLRPRTFLL","A*02:01,A*24:02,B*07:02",CAVNTLTGANNLFF,CAWLEMNTGELFF,Covid19,S,Zhang_2023,True,TRAV12-1,TRBV30
"GYLQPRTFLL,VGYLQPRTF,YLQPRTFLL,YLQPRTFLLK,YLRPRTFLL","A*02:01,A*24:02,B*07:02",CVVNEMDALNF,CASSVVNTGELFF,Covid19,S,Zhang_2023,True,TRAV12-1,TRBV9
"GYLQPRTFLL,VGYLQPRTF,YLQPRTFLL,YLQPRTFLLK,YLRPRTFLL","A*02:01,A*24:02,B*07:02",CVVNELNDMRF,CASSYENTGELFF,Covid19,S,Zhang_2023,True,TRAV12-1,TRBV5-1
"GYLQPRTFLL,VGYLQPRTF,YLQPRTFLL,YLQPRTFLLK,YLRPRTFLL","A*02:01,A*24:02,B*07:02",CAVNGVTDKLIF,CASSLDIEAFF,Covid19,S,Zhang_2023,True,TRAV12-1,TRBV7-9
"GYLQPRTFLL,VGYLQPRTF,YLQPRTFLL,YLQPRTFLLK,YLRPRTFLL","A*02:01,A*24:02,B*07:02",CAGLSHPGAGSYQLTF,CATQAMNTGELFF,Covid19,S,Zhang_2023,True,TRAV27,TRBV15
"GYLQPRTFLL,VGYLQPRTF,YLQPRTFLL,YLQPRTFLLK,YLRPRTFLL","A*02:01,A*24:02,B*07:02",CAVWRAGGSYIPTF,CASSPTGGGDTGELFF,Covid19,S,Zhang_2023,True,TRAV1-2,TRBV3-1
"GYLQPRTFLL,VGYLQPRTF,YLQPRTFLL,YLQPRTFLLK,YLRPRTFLL","A*02:01,A*24:02,B*07:02",CAVNEEDDMRF,CATSEANTGELFF,Covid19,S,Zhang_2023,True,TRAV12-1,TRBV24-1
"GYLQPRTFLL,VGYLQPRTF,YLQPRTFLL,YLQPRTFLLK,YLRPRTFLL","A*02:01,A*24:02,B*07:02",CAVRDRWTNAGKSTF,CATSDPDSLRAFF,Covid19,S,Zhang_2023,True,TRAV3,TRBV24-1
"GYLQPRTFLL,VGYLQPRTF,YLQPRTFLL,YLQPRTFLLK,YLRPRTFLL","A*02:01,A*24:02,B*07:02",CVVNELDKLVF,CASADQNTGELFF,Covid19,S,Zhang_2023,True,TRAV12-1,TRBV12-3
"GYLQPRTFLL,VGYLQPRTF,YLQPRTFLL,YLQPRTFLLK,YLRPRTFLL","A*02:01,A*24:02,B*07:02",CAVNEKYGNKLVF,CAGQDENTGELFF,Covid19,S,Zhang_2023,True,TRAV12-2,TRBV6-1
"GYLQPRTFLL,VGYLQPRTF,YLQPRTFLL,YLQPRTFLLK,YLRPRTFLL","A*02:01,A*24:02,B*07:02",CVVNGGNDMRF,CASSDLNTGELFF,Covid19,S,Zhang_2023,True,TRAV12-1,TRBV2
"GYLQPRTFLL,VGYLQPRTF,YLQPRTFLL,YLQPRTFLLK,YLRPRTFLL","A*02:01,A*24:02,B*07:02",CVVNAGDDMRF,CASSFQNTGELFF,Covid19,S,Zhang_2023,True,TRAV12-1,TRBV12-3
"GYLQPRTFLL,VGYLQPRTF,YLQPRTFLL,YLQPRTFLLK,YLRPRTFLL","A*02:01,A*24:02,B*07:02",CVVNMEDKLVF,CASSLANNLEAFF,Covid19,S,Zhang_2023,True,TRAV12-1,TRBV7-9
"GYLQPRTFLL,VGYLQPRTF,YLQPRTFLL,YLQPRTFLLK,YLRPRTFLL","A*02:01,A*24:02,B*07:02",CAVNKEDALNF,CATAHENTGELFF,Covid19,S,Zhang_2023,True,TRAV12-1,TRBV24-1
"GYLQPRTFLL,VGYLQPRTF,YLQPRTFLL,YLQPRTFLLK,YLRPRTFLL","A*02:01,A*24:02,B*07:02",CAVNSYAGNMLTF,CASQPTNTGELFF,Covid19,S,Zhang_2023,True,TRAV12-1,TRBV4-3
"GYLQPRTFLL,VGYLQPRTF,YLQPRTFLL,YLQPRTFLLK,YLRPRTFLL","A*02:01,A*24:02,B*07:02",CAVNRDDKIIF,CASSDRDSLRAFF,Covid19,S,Zhang_2023,True,TRAV12-1,TRBV6-1
"GYLQPRTFLL,VGYLQPRTF,YLQPRTFLL,YLQPRTFLLK,YLRPRTFLL","A*02:01,A*24:02,B*07:02",CVVNREDKIIF,CASSPDIAAFF,Covid19,S,Zhang_2023,True,TRAV12-1,TRBV7-9
"GYLQPRTFLL,VGYLQPRTF,YLQPRTFLL,YLQPRTFLLK,YLRPRTFLL","A*02:01,A*24:02,B*07:02",CVVNHNTDKLIF,CASNEGNTGELFF,Covid19,S,Zhang_2023,True,TRAV12-1,TRBV7-9
"GYLQPRTFLL,VGYLQPRTF,YLQPRTFLL,YLQPRTFLLK,YLRPRTFLL","A*02:01,A*24:02,B*07:02",CVCNRDDKIIF,CASSDSYGYTF,Covid19,S,Zhang_2023,True,TRAV12-1,TRBV7-8
"GYLQPRTFLL,VGYLQPRTF,YLQPRTFLL,YLQPRTFLLK,YLRPRTFLL","A*02:01,A*24:02,B*07:02",CALAPDNNAGNMLTF,CASSPEIEQYF,Covid19,S,Zhang_2023,True,TRAV6,TRBV7-9
"GYLQPRTFLL,VGYLQPRTF,YLQPRTFLL,YLQPRTFLLK,YLRPRTFLL","A*02:01,A*24:02,B*07:02",CAVNGDDKIIF,CASSPEIEAFF,Covid19,S,Zhang_2023,True,TRAV12-2,TRBV7-9
"GYLQPRTFLL,VGYLQPRTF,YLQPRTFLL,YLQPRTFLLK,YLRPRTFLL","A*02:01,A*24:02,B*07:02",CAASGYALNF,CASSEGLGYEQYF,Covid19,S,Zhang_2023,True,TRAV12-2,TRBV6-1
"GYLQPRTFLL,VGYLQPRTF,YLQPRTFLL,YLQPRTFLLK,YLRPRTFLL","A*02:01,A*24:02,B*07:02",CVVNNHNDMRF,CATQEENTGELFF,Covid19,S,Zhang_2023,True,TRAV12-1,TRBV24-1
"GYLQPRTFLL,VGYLQPRTF,YLQPRTFLL,YLQPRTFLLK,YLRPRTFLL","A*02:01,A*24:02,B*07:02",CVVNKDNDMRF,CASEELNTGELFF,Covid19,S,Zhang_2023,True,TRAV12-1,TRBV5-1
"GYLQPRTFLL,VGYLQPRTF,YLQPRTFLL,YLQPRTFLLK,YLRPRTFLL","A*02:01,A*24:02,B*07:02",CVVNDGSYKLIF,CASRGMESQNTGELFF,Covid19,S,Zhang_2023,True,TRAV12-1,TRBV2
"GYLQPRTFLL,VGYLQPRTF,YLQPRTFLL,YLQPRTFLLK,YLRPRTFLL","A*02:01,A*24:02,B*07:02",CALSGSNTGNQFYF,CASQYLNTGELFF,Covid19,S,Zhang_2023,True,TRAV19,TRBV19
"GYLQPRTFLL,VGYLQPRTF,YLQPRTFLL,YLQPRTFLLK,YLRPRTFLL","A*02:01,A*24:02,B*07:02",CAVNDEDKLTF,CSARGREMRNTGELFF,Covid19,S,Zhang_2023,True,TRAV12-1,TRBV20-1
"GYLQPRTFLL,VGYLQPRTF,YLQPRTFLL,YLQPRTFLLK,YLRPRTFLL","A*02:01,A*24:02,B*07:02",CVVNSPSGNTPLVF,CSARDLGAQNTGELFF,Covid19,S,Zhang_2023,True,TRAV12-1,TRBV20-1
"GYLQPRTFLL,VGYLQPRTF,YLQPRTFLL,YLQPRTFLLK,YLRPRTFLL","A*02:01,A*24:02,B*07:02",CVVNNNNDMRF,CATSNLNTGELFF,Covid19,S,Zhang_2023,True,TRAV12-1,TRBV15
"GYLQPRTFLL,VGYLQPRTF,YLQPRTFLL,YLQPRTFLLK,YLRPRTFLL","A*02:01,A*24:02,B*07:02",CAVNPTPFNAGNNRKLIW,CASSPEIEAFF,Covid19,S,Zhang_2023,True,TRAV12-2,TRBV7-9
"GYLQPRTFLL,VGYLQPRTF,YLQPRTFLL,YLQPRTFLLK,YLRPRTFLL","A*02:01,A*24:02,B*07:02",CVVNKEDDMRF,CSARPPGAQNTGELFF,Covid19,S,Zhang_2023,True,TRAV12-1,TRBV20-1
"GYLQPRTFLL,VGYLQPRTF,YLQPRTFLL,YLQPRTFLLK,YLRPRTFLL","A*02:01,A*24:02,B*07:02",CAVNRYDDMRF,CSVEGSRNTGELFF,Covid19,S,Zhang_2023,True,TRAV12-1,TRBV29-1
"GYLQPRTFLL,VGYLQPRTF,YLQPRTFLL,YLQPRTFLLK,YLRPRTFLL","A*02:01,A*24:02,B*07:02",CVVNKGNKLVF,CAIQSLNTGELFF,Covid19,S,Zhang_2023,True,TRAV12-1,TRBV15
"GYLQPRTFLL,VGYLQPRTF,YLQPRTFLL,YLQPRTFLLK,YLRPRTFLL","A*02:01,A*24:02,B*07:02",CVVNRLDDMRF,CASSLGLTGELFF,Covid19,S,Zhang_2023,True,TRAV12-1,TRBV7-8
"GYLQPRTFLL,VGYLQPRTF,YLQPRTFLL,YLQPRTFLLK,YLRPRTFLL","A*02:01,A*24:02,B*07:02",CVVNREDRLMF,CANTDRNTGELFF,Covid19,S,Zhang_2023,True,TRAV12-1,TRBV2
"GYLQPRTFLL,VGYLQPRTF,YLQPRTFLL,YLQPRTFLLK,YLRPRTFLL","A*02:01,A*24:02,B*07:02",CVVNMFDDMRF,CSVDRDRNTGELFF,Covid19,S,Zhang_2023,True,TRAV12-1,TRBV29-1
"GYLQPRTFLL,VGYLQPRTF,YLQPRTFLL,YLQPRTFLLK,YLRPRTFLL","A*02:01,A*24:02,B*07:02",CVVNRNNDMRF,CASAALNTGELFF,Covid19,S,Zhang_2023,True,TRAV12-1,TRBV2
"GYLQPRTFLL,VGYLQPRTF,YLQPRTFLL,YLQPRTFLLK,YLRPRTFLL","A*02:01,A*24:02,B*07:02",CAVNEEDKLVF,CATGTVNTGELFF,Covid19,S,Zhang_2023,True,TRAV12-1,TRBV24-1
"GYLQPRTFLL,VGYLQPRTF,YLQPRTFLL,YLQPRTFLLK,YLRPRTFLL","A*02:01,A*24:02,B*07:02",CAVNSGYALNF,CASSLSAENEQFF,Covid19,S,Zhang_2023,True,TRAV5,TRBV12-4
"GYLQPRTFLL,VGYLQPRTF,YLQPRTFLL,YLQPRTFLLK,YLRPRTFLL","A*02:01,A*24:02,B*07:02",CVVNEGDKIIF,CASSLEIEAFF,Covid19,S,Zhang_2023,True,TRAV12-1,TRBV7-9
"GYLQPRTFLL,VGYLQPRTF,YLQPRTFLL,YLQPRTFLLK,YLRPRTFLL","A*02:01,A*24:02,B*07:02",CVVNSPDSWGKLQF,CASSLAGGGNTGELFF,Covid19,S,Zhang_2023,True,TRAV12-1,TRBV13
"GYLQPRTFLL,VGYLQPRTF,YLQPRTFLL,YLQPRTFLLK,YLRPRTFLL","A*02:01,A*24:02,B*07:02",CVVNRFDDMRF,CSASERNTGELFF,Covid19,S,Zhang_2023,True,TRAV12-1,TRBV20-1
"GYLQPRTFLL,VGYLQPRTF,YLQPRTFLL,YLQPRTFLLK,YLRPRTFLL","A*02:01,A*24:02,B*07:02",CVVNNNAGNMLTF,CASQYLNTGELFF,Covid19,S,Zhang_2023,True,TRAV12-1,TRBV19
"GYLQPRTFLL,VGYLQPRTF,YLQPRTFLL,YLQPRTFLLK,YLRPRTFLL","A*02:01,A*24:02,B*07:02",CVVNIEDKLSF,CASGDLNTGELFF,Covid19,S,Zhang_2023,True,TRAV12-1,TRBV12-5
"GYLQPRTFLL,VGYLQPRTF,YLQPRTFLL,YLQPRTFLLK,YLRPRTFLL","A*02:01,A*24:02,B*07:02",CVVNSPSGNTPLVF,CSARDELATNTGELFF,Covid19,S,Zhang_2023,True,TRAV12-1,TRBV20-1
"GYLQPRTFLL,VGYLQPRTF,YLQPRTFLL,YLQPRTFLLK,YLRPRTFLL","A*02:01,A*24:02,B*07:02",CVVNSPSGNTPLVF,CSARGLEAGMNTGELFF,Covid19,S,Zhang_2023,True,TRAV12-1,TRBV20-1
"GYLQPRTFLL,VGYLQPRTF,YLQPRTFLL,YLQPRTFLLK,YLRPRTFLL","A*02:01,A*24:02,B*07:02",CVVNRPGGSYIPTF,CATLVDLNTGELFF,Covid19,S,Zhang_2023,True,TRAV12-1,TRBV19
"GYLQPRTFLL,VGYLQPRTF,YLQPRTFLL,YLQPRTFLLK,YLRPRTFLL","A*02:01,A*24:02,B*07:02",CALVWLDNKLIF,CASSPDIEAFF,Covid19,S,Zhang_2023,True,TRAV16,TRBV7-9
"GYLQPRTFLL,VGYLQPRTF,YLQPRTFLL,YLQPRTFLLK,YLRPRTFLL","A*02:01,A*24:02,B*07:02",CAVNEEDKIIF,CSARDGTSWNTGELFF,Covid19,S,Zhang_2023,True,TRAV12-1,TRBV20-1
"GYLQPRTFLL,VGYLQPRTF,YLQPRTFLL,YLQPRTFLLK,YLRPRTFLL","A*02:01,A*24:02,B*07:02",CVVNNGNDMRF,CATQDLNTGELFF,Covid19,S,Zhang_2023,True,TRAV12-1,TRBV19
"GYLQPRTFLL,VGYLQPRTF,YLQPRTFLL,YLQPRTFLLK,YLRPRTFLL","A*02:01,A*24:02,B*07:02",CAMREGPGRRALTF,CASADQNTGELFF,Covid19,S,Zhang_2023,True,TRAV14/DV4,TRBV12-3
"GYLQPRTFLL,VGYLQPRTF,YLQPRTFLL,YLQPRTFLLK,YLRPRTFLL","A*02:01,A*24:02,B*07:02",CAVNADDKIIF,CASIDRNSLEAFF,Covid19,S,Zhang_2023,True,TRAV12-1,TRBV14
"GYLQPRTFLL,VGYLQPRTF,YLQPRTFLL,YLQPRTFLLK,YLRPRTFLL","A*02:01,A*24:02,B*07:02",CAVNGADKLIF,CASSWDIEAFF,Covid19,S,Zhang_2023,True,TRAV12-1,TRBV7-9
"GYLQPRTFLL,VGYLQPRTF,YLQPRTFLL,YLQPRTFLLK,YLRPRTFLL","A*02:01,A*24:02,B*07:02",CVVNQGDKLIF,CASSPEINSSF,Covid19,S,Zhang_2023,True,TRAV12-1,TRBV7-9
"GYLQPRTFLL,VGYLQPRTF,YLQPRTFLL,YLQPRTFLLK,YLRPRTFLL","A*02:01,A*24:02,B*07:02",CVVNRNNDMRF,CGGGLLNTGELFF,Covid19,S,Zhang_2023,True,TRAV12-1,TRBV12-4
"GYLQPRTFLL,VGYLQPRTF,YLQPRTFLL,YLQPRTFLLK,YLRPRTFLL","A*02:01,A*24:02,B*07:02",CVVNHDTDKLIF,CASRGVLGQNTGELFF,Covid19,S,Zhang_2023,True,TRAV12-1,TRBV2
"GYLQPRTFLL,VGYLQPRTF,YLQPRTFLL,YLQPRTFLLK,YLRPRTFLL","A*02:01,A*24:02,B*07:02",CAVNKEDRLMF,CATSYADTGELFF,Covid19,S,Zhang_2023,True,TRAV12-1,TRBV24-1
"GYLQPRTFLL,VGYLQPRTF,YLQPRTFLL,YLQPRTFLLK,YLRPRTFLL","A*02:01,A*24:02,B*07:02",CAVNSGDKLIF,CASSSEIEAFF,Covid19,S,Zhang_2023,True,TRAV12-1,TRBV7-9
"GYLQPRTFLL,VGYLQPRTF,YLQPRTFLL,YLQPRTFLLK,YLRPRTFLL","A*02:01,A*24:02,B*07:02",CAMMGGGYQKVTF,CSARDWGGIGGNYGYTF,Covid19,S,Zhang_2023,True,TRAV14/DV4,TRBV20-1
"GYLQPRTFLL,VGYLQPRTF,YLQPRTFLL,YLQPRTFLLK,YLRPRTFLL","A*02:01,A*24:02,B*07:02",CAVNLEDKIIF,CSIQDRNSGELFF,Covid19,S,Zhang_2023,True,TRAV12-1,TRBV20-1
"GYLQPRTFLL,VGYLQPRTF,YLQPRTFLL,YLQPRTFLLK,YLRPRTFLL","A*02:01,A*24:02,B*07:02",CVVNDPGGYNKLIF,CATHDQNSGEQYF,Covid19,S,Zhang_2023,True,TRAV12-1,TRBV15
"GYLQPRTFLL,VGYLQPRTF,YLQPRTFLL,YLQPRTFLLK,YLRPRTFLL","A*02:01,A*24:02,B*07:02",CAVNGDDKIIF,CASSPDIEQYF,Covid19,S,Zhang_2023,True,TRAV12-2,TRBV7-9
"GYLQPRTFLL,VGYLQPRTF,YLQPRTFLL,YLQPRTFLLK,YLRPRTFLL","A*02:01,A*24:02,B*07:02",CVVNEEDDMRF,CASSPRNTGELFF,Covid19,S,Zhang_2023,True,TRAV12-1,TRBV4-3
"GYLQPRTFLL,VGYLQPRTF,YLQPRTFLL,YLQPRTFLLK,YLRPRTFLL","A*02:01,A*24:02,B*07:02",CVVNQPSGNTPLVF,CSARDEGGQNTGELFF,Covid19,S,Zhang_2023,True,TRAV12-1,TRBV20-1
"GYLQPRTFLL,VGYLQPRTF,YLQPRTFLL,YLQPRTFLLK,YLRPRTFLL","A*02:01,A*24:02,B*07:02",CVVNKGDKLVF,CASSLDVEHHF,Covid19,S,Zhang_2023,True,TRAV12-1,TRBV7-9
"GYLQPRTFLL,VGYLQPRTF,YLQPRTFLL,YLQPRTFLLK,YLRPRTFLL","A*02:01,A*24:02,B*07:02",CAVNKDDKIIF,CASQTRNTGELFF,Covid19,S,Zhang_2023,True,TRAV12-1,TRBV4-3
"GYLQPRTFLL,VGYLQPRTF,YLQPRTFLL,YLQPRTFLLK,YLRPRTFLL","A*02:01,A*24:02,B*07:02",CVVNSGDKIIF,CASSPDIVAFF,Covid19,S,Zhang_2023,True,TRAV12-1,TRBV7-9
"GYLQPRTFLL,VGYLQPRTF,YLQPRTFLL,YLQPRTFLLK,YLRPRTFLL","A*02:01,A*24:02,B*07:02",CVVNNPNSGYALNF,CASSETSGGNTGELFF,Covid19,S,Zhang_2023,True,TRAV12-1,TRBV13
"GYLQPRTFLL,VGYLQPRTF,YLQPRTFLL,YLQPRTFLLK,YLRPRTFLL","A*02:01,A*24:02,B*07:02",CVVNEGDRLMF,CSARDPWGQNTGELFF,Covid19,S,Zhang_2023,True,TRAV12-1,TRBV20-1
"GYLQPRTFLL,VGYLQPRTF,YLQPRTFLL,YLQPRTFLLK,YLRPRTFLL","A*02:01,A*24:02,B*07:02",CAENPYYGQNFVF,CASSFSPGTSTDTQYF,Covid19,S,Zhang_2023,True,TRAV13-2,TRBV28
"GYLQPRTFLL,VGYLQPRTF,YLQPRTFLL,YLQPRTFLLK,YLRPRTFLL","A*02:01,A*24:02,B*07:02",CVTEGDDMRF,CSARSGLAHNTGELFF,Covid19,S,Zhang_2023,True,TRAV12-1,TRBV20-1
"GYLQPRTFLL,VGYLQPRTF,YLQPRTFLL,YLQPRTFLLK,YLRPRTFLL","A*02:01,A*24:02,B*07:02",CAVNHNQGGKLIF,CASSEWLQETQYF,Covid19,S,Zhang_2023,True,TRAV12-2,TRBV6-1
"GYLQPRTFLL,VGYLQPRTF,YLQPRTFLL,YLQPRTFLLK,YLRPRTFLL","A*02:01,A*24:02,B*07:02",CVVNELDDMRF,CASSLDVLLHF,Covid19,S,Zhang_2023,True,TRAV12-1,TRBV7-9
"GYLQPRTFLL,VGYLQPRTF,YLQPRTFLL,YLQPRTFLLK,YLRPRTFLL","A*02:01,A*24:02,B*07:02",CVVNSDTDKLIF,CAGQDGNTGELFF,Covid19,S,Zhang_2023,True,TRAV12-1,TRBV12-3
"GYLQPRTFLL,VGYLQPRTF,YLQPRTFLL,YLQPRTFLLK,YLRPRTFLL","A*02:01,A*24:02,B*07:02",CVVNKPEAGTALIF,CSARGGQGVNTGELFF,Covid19,S,Zhang_2023,True,TRAV12-1,TRBV20-1
"GYLQPRTFLL,VGYLQPRTF,YLQPRTFLL,YLQPRTFLLK,YLRPRTFLL","A*02:01,A*24:02,B*07:02",CVVNRGNDMRF,CASSDLDTGELFF,Covid19,S,Zhang_2023,True,TRAV12-1,TRBV2
"GYLQPRTFLL,VGYLQPRTF,YLQPRTFLL,YLQPRTFLLK,YLRPRTFLL","A*02:01,A*24:02,B*07:02",CAETSFYGGSQGNLIF,CASQTLNTGELFF,Covid19,S,Zhang_2023,True,TRAV5,TRBV2
"GYLQPRTFLL,VGYLQPRTF,YLQPRTFLL,YLQPRTFLLK,YLRPRTFLL","A*02:01,A*24:02,B*07:02",CVVNELDDMRF,CASSLVNTGELFF,Covid19,S,Zhang_2023,True,TRAV12-1,TRBV12-3
"GYLQPRTFLL,VGYLQPRTF,YLQPRTFLL,YLQPRTFLLK,YLRPRTFLL","A*02:01,A*24:02,B*07:02",CVVNKVGYSTLTF,CASRSASGVNTGELFF,Covid19,S,Zhang_2023,True,TRAV12-1,TRBV2
"GYLQPRTFLL,VGYLQPRTF,YLQPRTFLL,YLQPRTFLLK,YLRPRTFLL","A*02:01,A*24:02,B*07:02",CVVNREDDMRF,CSAIKDRNTGELFF,Covid19,S,Zhang_2023,True,TRAV12-1,TRBV20-1
"GYLQPRTFLL,VGYLQPRTF,YLQPRTFLL,YLQPRTFLLK,YLRPRTFLL","A*02:01,A*24:02,B*07:02",CAVNNLNDMRF,CASSEENTGELFF,Covid19,S,Zhang_2023,True,TRAV12-1,TRBV5-1
"GYLQPRTFLL,VGYLQPRTF,YLQPRTFLL,YLQPRTFLLK,YLRPRTFLL","A*02:01,A*24:02,B*07:02",CAMREMDYGQNFVF,CSARDRDLHNTGELFF,Covid19,S,Zhang_2023,True,TRAV14/DV4,TRBV20-1
"GYLQPRTFLL,VGYLQPRTF,YLQPRTFLL,YLQPRTFLLK,YLRPRTFLL","A*02:01,A*24:02,B*07:02",CAVNKGDKLIF,CASSLDVEQYF,Covid19,S,Zhang_2023,True,TRAV12-2,TRBV7-9
"GYLQPRTFLL,VGYLQPRTF,YLQPRTFLL,YLQPRTFLLK,YLRPRTFLL","A*02:01,A*24:02,B*07:02",CAVNTGDKLVF,CASSLDIEAFF,Covid19,S,Zhang_2023,True,TRAV12-1,TRBV7-9
"GYLQPRTFLL,VGYLQPRTF,YLQPRTFLL,YLQPRTFLLK,YLRPRTFLL","A*02:01,A*24:02,B*07:02",CVVNQPVGGTPLVF,CSARTDLNTGELFF,Covid19,S,Zhang_2023,True,TRAV12-1,TRBV20-1
"GYLQPRTFLL,VGYLQPRTF,YLQPRTFLL,YLQPRTFLLK,YLRPRTFLL","A*02:01,A*24:02,B*07:02",CVVNEDDKIIF,CASSWDIEAFF,Covid19,S,Zhang_2023,True,TRAV12-1,TRBV7-9
"GYLQPRTFLL,VGYLQPRTF,YLQPRTFLL,YLQPRTFLLK,YLRPRTFLL","A*02:01,A*24:02,B*07:02",CVVNRDDKIIF,CASQELNTGELFF,Covid19,S,Zhang_2023,True,TRAV12-1,TRBV30
"GYLQPRTFLL,VGYLQPRTF,YLQPRTFLL,YLQPRTFLLK,YLRPRTFLL","A*02:01,A*24:02,B*07:02",CAVNRDDKIIF,CASSPEIEQFF,Covid19,S,Zhang_2023,True,TRAV12-1,TRBV7-9
"GYLQPRTFLL,VGYLQPRTF,YLQPRTFLL,YLQPRTFLLK,YLRPRTFLL","A*02:01,A*24:02,B*07:02",CAGNSGNTPLVF,CSARDLGAQNTGELFF,Covid19,S,Zhang_2023,True,TRAV2,TRBV20-1
"GYLQPRTFLL,VGYLQPRTF,YLQPRTFLL,YLQPRTFLLK,YLRPRTFLL","A*02:01,A*24:02,B*07:02",CVVNRGDDMRF,CAGGRGNTGELFF,Covid19,S,Zhang_2023,True,TRAV12-1,TRBV12-4
"GYLQPRTFLL,VGYLQPRTF,YLQPRTFLL,YLQPRTFLLK,YLRPRTFLL","A*02:01,A*24:02,B*07:02",CVVNGRNNDMRF,CATQAMNTGELFF,Covid19,S,Zhang_2023,True,TRAV12-1,TRBV15
"GYLQPRTFLL,VGYLQPRTF,YLQPRTFLL,YLQPRTFLLK,YLRPRTFLL","A*02:01,A*24:02,B*07:02",CVVNVKNDMRF,CASSDLNTGELFF,Covid19,S,Zhang_2023,True,TRAV12-1,TRBV2
"GYLQPRTFLL,VGYLQPRTF,YLQPRTFLL,YLQPRTFLLK,YLRPRTFLL","A*02:01,A*24:02,B*07:02",CVVNMPSGNTPLVF,CSARDTQGQNTGELFF,Covid19,S,Zhang_2023,True,TRAV12-1,TRBV20-1
"GYLQPRTFLL,VGYLQPRTF,YLQPRTFLL,YLQPRTFLLK,YLRPRTFLL","A*02:01,A*24:02,B*07:02",CVVNSRDDMRF,CASQELNTGELFF,Covid19,S,Zhang_2023,True,TRAV12-1,TRBV24-1
"GYLQPRTFLL,VGYLQPRTF,YLQPRTFLL,YLQPRTFLLK,YLRPRTFLL","A*02:01,A*24:02,B*07:02",CAVNRADKLIF,CASSPDVEAFF,Covid19,S,Zhang_2023,True,TRAV12-1,TRBV7-9
"GYLQPRTFLL,VGYLQPRTF,YLQPRTFLL,YLQPRTFLLK,YLRPRTFLL","A*02:01,A*24:02,B*07:02",CVVNVPSGNTPLVF,CSARDAQGQNTGELFF,Covid19,S,Zhang_2023,True,TRAV12-1,TRBV20-1
"GYLQPRTFLL,VGYLQPRTF,YLQPRTFLL,YLQPRTFLLK,YLRPRTFLL","A*02:01,A*24:02,B*07:02",CVVNEGDKLIF,CASSLEIEAFF,Covid19,S,Zhang_2023,True,TRAV12-1,TRBV7-9
"GYLQPRTFLL,VGYLQPRTF,YLQPRTFLL,YLQPRTFLLK,YLRPRTFLL","A*02:01,A*24:02,B*07:02",CVVNKEDDMRF,CSARSRDFHNTGELFF,Covid19,S,Zhang_2023,True,TRAV12-1,TRBV20-1
"GYLQPRTFLL,VGYLQPRTF,YLQPRTFLL,YLQPRTFLLK,YLRPRTFLL","A*02:01,A*24:02,B*07:02",CAVNGNDKIIF,CASSPDIEAFF,Covid19,S,Zhang_2023,True,TRAV12-1,TRBV7-9
"GYLQPRTFLL,VGYLQPRTF,YLQPRTFLL,YLQPRTFLLK,YLRPRTFLL","A*02:01,A*24:02,B*07:02",CAVDRGWMNRDDKIIF,CASMKLNTGELFF,Covid19,S,Zhang_2023,True,TRAV39,TRBV12-4
"GYLQPRTFLL,VGYLQPRTF,YLQPRTFLL,YLQPRTFLLK,YLRPRTFLL","A*02:01,A*24:02,B*07:02",CVVNMNDDMRF,CASSEGNTGELFF,Covid19,S,Zhang_2023,True,TRAV12-1,TRBV7-9
"GYLQPRTFLL,VGYLQPRTF,YLQPRTFLL,YLQPRTFLLK,YLRPRTFLL","A*02:01,A*24:02,B*07:02",CVVNKGDKIIF,CASSLDVDAFF,Covid19,S,Zhang_2023,True,TRAV12-1,TRBV7-9
"GYLQPRTFLL,VGYLQPRTF,YLQPRTFLL,YLQPRTFLLK,YLRPRTFLL","A*02:01,A*24:02,B*07:02",CVVNEHDRLMF,CASSPDIGAFF,Covid19,S,Zhang_2023,True,TRAV12-1,TRBV7-9
"GYLQPRTFLL,VGYLQPRTF,YLQPRTFLL,YLQPRTFLLK,YLRPRTFLL","A*02:01,A*24:02,B*07:02",CAVNLPGAGSYQLTF,CASSPVQGGNTGELFF,Covid19,S,Zhang_2023,True,TRAV12-1,TRBV4-2
"GYLQPRTFLL,VGYLQPRTF,YLQPRTFLL,YLQPRTFLLK,YLRPRTFLL","A*02:01,A*24:02,B*07:02",CVVNRDNDMRF,CARQKMNTGELFF,Covid19,S,Zhang_2023,True,TRAV12-1,TRBV30
"GYLQPRTFLL,VGYLQPRTF,YLQPRTFLL,YLQPRTFLLK,YLRPRTFLL","A*02:01,A*24:02,B*07:02",CVVNGNNNDMRF,CATPEQNTGELFF,Covid19,S,Zhang_2023,True,TRAV12-1,TRBV12-3
"GYLQPRTFLL,VGYLQPRTF,YLQPRTFLL,YLQPRTFLLK,YLRPRTFLL","A*02:01,A*24:02,B*07:02",CAVNRDDKIIF,CASSPEIEAFF,Covid19,S,Zhang_2023,True,TRAV12-2,TRBV7-9
"GYLQPRTFLL,VGYLQPRTF,YLQPRTFLL,YLQPRTFLLK,YLRPRTFLL","A*02:01,A*24:02,B*07:02",CAVNRDDKIIF,CASSPEIEAFF,Covid19,S,Zhang_2023,True,TRAV12-1,TRBV7-9
"GYLQPRTFLL,VGYLQPRTF,YLQPRTFLL,YLQPRTFLLK,YLRPRTFLL","A*02:01,A*24:02,B*07:02",CAVNMVQAGTALIF,CSVEADRNTGELFF,Covid19,S,Zhang_2023,True,TRAV12-1,TRBV29-1
"GYLQPRTFLL,VGYLQPRTF,YLQPRTFLL,YLQPRTFLLK,YLRPRTFLL","A*02:01,A*24:02,B*07:02",CAVNRDDKIIF,CASSEQNTGELFF,Covid19,S,Zhang_2023,True,TRAV12-1,TRBV7-8
"GYLQPRTFLL,VGYLQPRTF,YLQPRTFLL,YLQPRTFLLK,YLRPRTFLL","A*02:01,A*24:02,B*07:02",CVVNTEDKLIF,CASSPDIEQYF,Covid19,S,Zhang_2023,True,TRAV12-1,TRBV7-9
"GYLQPRTFLL,VGYLQPRTF,YLQPRTFLL,YLQPRTFLLK,YLRPRTFLL","A*02:01,A*24:02,B*07:02",CVVNKLNSGYALNF,CASSMAQGGNTGELFF,Covid19,S,Zhang_2023,True,TRAV12-1,TRBV19
"GYLQPRTFLL,VGYLQPRTF,YLQPRTFLL,YLQPRTFLLK,YLRPRTFLL","A*02:01,A*24:02,B*07:02",CAVSDSWGKLQF,CASSRVVSADTQYF,Covid19,S,Zhang_2023,True,TRAV12-1,TRBV19
"GYLQPRTFLL,VGYLQPRTF,YLQPRTFLL,YLQPRTFLLK,YLRPRTFLL","A*02:01,A*24:02,B*07:02",CAFFRGSQGNLIF,CAGQDGNTGELFF,Covid19,S,Zhang_2023,True,TRAV24,TRBV12-3
"GYLQPRTFLL,VGYLQPRTF,YLQPRTFLL,YLQPRTFLLK,YLRPRTFLL","A*02:01,A*24:02,B*07:02",CVVNRLDDMRF,CASSIDSEQYF,Covid19,S,Zhang_2023,True,TRAV12-1,TRBV7-9
"GYLQPRTFLL,VGYLQPRTF,YLQPRTFLL,YLQPRTFLLK,YLRPRTFLL","A*02:01,A*24:02,B*07:02",CVVNELDDMRF,CASTGLNTGELFF,Covid19,S,Zhang_2023,True,TRAV12-1,TRBV5-1
"GYLQPRTFLL,VGYLQPRTF,YLQPRTFLL,YLQPRTFLLK,YLRPRTFLL","A*02:01,A*24:02,B*07:02",CAVNRDDKIIF,CSARDHDGQNTGELFF,Covid19,S,Zhang_2023,True,TRAV12-1,TRBV20-1
"GYLQPRTFLL,VGYLQPRTF,YLQPRTFLL,YLQPRTFLLK,YLRPRTFLL","A*02:01,A*24:02,B*07:02",CAVNRDDKIIF,CSARDDRAHNTGELFF,Covid19,S,Zhang_2023,True,TRAV12-1,TRBV20-1
"GYLQPRTFLL,VGYLQPRTF,YLQPRTFLL,YLQPRTFLLK,YLRPRTFLL","A*02:01,A*24:02,B*07:02",CVVNWGDKLIF,CASSLDIEAFF,Covid19,S,Zhang_2023,True,TRAV12-1,TRBV7-9
"GYLQPRTFLL,VGYLQPRTF,YLQPRTFLL,YLQPRTFLLK,YLRPRTFLL","A*02:01,A*24:02,B*07:02",CVVNRNNDMRF,CASQEENSGEQYF,Covid19,S,Zhang_2023,True,TRAV12-1,TRBV5-1
"GYLQPRTFLL,VGYLQPRTF,YLQPRTFLL,YLQPRTFLLK,YLRPRTFLL","A*02:01,A*24:02,B*07:02",CAVNNPTGANNLFF,CSATRDQNTGELFF,Covid19,S,Zhang_2023,True,TRAV12-1,TRBV20-1
"GYLQPRTFLL,VGYLQPRTF,YLQPRTFLL,YLQPRTFLLK,YLRPRTFLL","A*02:01,A*24:02,B*07:02",CAVNRADKLIF,CASSNDIEAFF,Covid19,S,Zhang_2023,True,TRAV12-1,TRBV7-9
"GYLQPRTFLL,VGYLQPRTF,YLQPRTFLL,YLQPRTFLLK,YLRPRTFLL","A*02:01,A*24:02,B*07:02",CVVNQDDKIIF,CATSDSNSLEAFF,Covid19,S,Zhang_2023,True,TRAV12-1,TRBV24-1
"GYLQPRTFLL,VGYLQPRTF,YLQPRTFLL,YLQPRTFLLK,YLRPRTFLL","A*02:01,A*24:02,B*07:02",CAVNRDDKIIF,CASSAEIEQFF,Covid19,S,Zhang_2023,True,TRAV12-1,TRBV7-9
"GYLQPRTFLL,VGYLQPRTF,YLQPRTFLL,YLQPRTFLLK,YLRPRTFLL","A*02:01,A*24:02,B*07:02",CAVNDPNQGGKLIF,CASSLPLGGNTGELFF,Covid19,S,Zhang_2023,True,TRAV12-1,TRBV5-4
"GYLQPRTFLL,VGYLQPRTF,YLQPRTFLL,YLQPRTFLLK,YLRPRTFLL","A*02:01,A*24:02,B*07:02",CATGGDKLIF,CATTSDLNTGELFF,Covid19,S,Zhang_2023,True,TRAV12-1,TRBV24-1
"GYLQPRTFLL,VGYLQPRTF,YLQPRTFLL,YLQPRTFLLK,YLRPRTFLL","A*02:01,A*24:02,B*07:02",CAVIRDNFNKFYF,CASSPDIQQYF,Covid19,S,Zhang_2023,True,TRAV12-2,TRBV7-9
"GYLQPRTFLL,VGYLQPRTF,YLQPRTFLL,YLQPRTFLLK,YLRPRTFLL","A*02:01,A*24:02,B*07:02",CVVNGGDKLIF,CASSPDIEQFF,Covid19,S,Zhang_2023,True,TRAV12-1,TRBV7-9
"GYLQPRTFLL,VGYLQPRTF,YLQPRTFLL,YLQPRTFLLK,YLRPRTFLL","A*02:01,A*24:02,B*07:02",CALSEVDEGGSEKLVF,CAISDPPDNSYEQYF,Covid19,S,Zhang_2023,True,TRAV19,TRBV10-3
"GYLQPRTFLL,VGYLQPRTF,YLQPRTFLL,YLQPRTFLLK,YLRPRTFLL","A*02:01,A*24:02,B*07:02",CVVNAYNDMRF,CASSDLDSGIQYF,Covid19,S,Zhang_2023,True,TRAV12-1,TRBV2
"GYLQPRTFLL,VGYLQPRTF,YLQPRTFLL,YLQPRTFLLK,YLRPRTFLL","A*02:01,A*24:02,B*07:02",CAVNGNTDKLIF,CASSANQGARGYTF,Covid19,S,Zhang_2023,True,TRAV12-1,TRBV12-4
"GYLQPRTFLL,VGYLQPRTF,YLQPRTFLL,YLQPRTFLLK,YLRPRTFLL","A*02:01,A*24:02,B*07:02",CVVNAPSGNTPLVF,CSARDAAGINTGELFF,Covid19,S,Zhang_2023,True,TRAV12-1,TRBV20-1
"GYLQPRTFLL,VGYLQPRTF,YLQPRTFLL,YLQPRTFLLK,YLRPRTFLL","A*02:01,A*24:02,B*07:02",CAVNSEDKLIF,CASMDKNTGELFF,Covid19,S,Zhang_2023,True,TRAV12-1,TRBV10-1
"GYLQPRTFLL,VGYLQPRTF,YLQPRTFLL,YLQPRTFLLK,YLRPRTFLL","A*02:01,A*24:02,B*07:02",CVVNEDDKIIF,CASSPEIEAFF,Covid19,S,Zhang_2023,True,TRAV12-1,TRBV7-9
"GYLQPRTFLL,VGYLQPRTF,YLQPRTFLL,YLQPRTFLLK,YLRPRTFLL","A*02:01,A*24:02,B*07:02",CAEIRRRALTF,CATSEANTGELFF,Covid19,S,Zhang_2023,True,TRAV13-2,TRBV24-1
"GYLQPRTFLL,VGYLQPRTF,YLQPRTFLL,YLQPRTFLLK,YLRPRTFLL","A*02:01,A*24:02,B*07:02",CVVNMGDDMRF,CARAGDPNTGELFF,Covid19,S,Zhang_2023,True,TRAV12-1,TRBV12-3
"GYLQPRTFLL,VGYLQPRTF,YLQPRTFLL,YLQPRTFLLK,YLRPRTFLL","A*02:01,A*24:02,B*07:02",CVVNGADKLIF,CASSLDIEQYF,Covid19,S,Zhang_2023,True,TRAV12-1,TRBV7-9
"GYLQPRTFLL,VGYLQPRTF,YLQPRTFLL,YLQPRTFLLK,YLRPRTFLL","A*02:01,A*24:02,B*07:02",CVVNGRGDDMRF,CASTVDRNTGELFF,Covid19,S,Zhang_2023,True,TRAV12-1,TRBV12-4
"GYLQPRTFLL,VGYLQPRTF,YLQPRTFLL,YLQPRTFLLK,YLRPRTFLL","A*02:01,A*24:02,B*07:02",CVVNMEDDMRF,CASGDRNSMEQYF,Covid19,S,Zhang_2023,True,TRAV12-1,TRBV5-1
"GYLQPRTFLL,VGYLQPRTF,YLQPRTFLL,YLQPRTFLLK,YLRPRTFLL","A*02:01,A*24:02,B*07:02",CIVRAGYSSASKIIF,CASSLEIEAFF,Covid19,S,Zhang_2023,True,TRAV26-1,TRBV7-9
"GYLQPRTFLL,VGYLQPRTF,YLQPRTFLL,YLQPRTFLLK,YLRPRTFLL","A*02:01,A*24:02,B*07:02",CVVNEMDRLMF,CAGQTLNTGELFF,Covid19,S,Zhang_2023,True,TRAV12-1,TRBV30
"GYLQPRTFLL,VGYLQPRTF,YLQPRTFLL,YLQPRTFLLK,YLRPRTFLL","A*02:01,A*24:02,B*07:02",CVVNNNNDMRF,CASSDENSGELFF,Covid19,S,Zhang_2023,True,TRAV12-1,TRBV5-1
"GYLQPRTFLL,VGYLQPRTF,YLQPRTFLL,YLQPRTFLLK,YLRPRTFLL","A*02:01,A*24:02,B*07:02",CAVSDLDGQKLLF,CSVELSRNTLEQYF,Covid19,S,Zhang_2023,True,TRAV8-4,TRBV29-1
"GYLQPRTFLL,VGYLQPRTF,YLQPRTFLL,YLQPRTFLLK,YLRPRTFLL","A*02:01,A*24:02,B*07:02",CVVNDGNDMRF,CASSELNTGELFF,Covid19,S,Zhang_2023,True,TRAV12-1,TRBV2
"GYLQPRTFLL,VGYLQPRTF,YLQPRTFLL,YLQPRTFLLK,YLRPRTFLL","A*02:01,A*24:02,B*07:02",CVVNVYDKIIF,CASSPDIEQFF,Covid19,S,Zhang_2023,True,TRAV12-1,TRBV7-9
"GYLQPRTFLL,VGYLQPRTF,YLQPRTFLL,YLQPRTFLLK,YLRPRTFLL","A*02:01,A*24:02,B*07:02",CVVNRGNDMRF,CATSNLDTGELFF,Covid19,S,Zhang_2023,True,TRAV12-1,TRBV15
"GYLQPRTFLL,VGYLQPRTF,YLQPRTFLL,YLQPRTFLLK,YLRPRTFLL","A*02:01,A*24:02,B*07:02",CAVNDEDKIIF,CASMNRNTGELFF,Covid19,S,Zhang_2023,True,TRAV12-1,TRBV6-1
"GYLQPRTFLL,VGYLQPRTF,YLQPRTFLL,YLQPRTFLLK,YLRPRTFLL","A*02:01,A*24:02,B*07:02",CVVNQEDKLIF,CAIQTDTNTGELFF,Covid19,S,Zhang_2023,True,TRAV12-1,TRBV24-1
"GYLQPRTFLL,VGYLQPRTF,YLQPRTFLL,YLQPRTFLLK,YLRPRTFLL","A*02:01,A*24:02,B*07:02",CVADNQAGTALIF,CSVEGTGYGYTF,Covid19,S,Zhang_2023,True,TRAV12-1,TRBV29-1
"GYLQPRTFLL,VGYLQPRTF,YLQPRTFLL,YLQPRTFLLK,YLRPRTFLL","A*02:01,A*24:02,B*07:02",CVVNKGDGLTF,CASNLQNTGELFF,Covid19,S,Zhang_2023,True,TRAV12-1,TRBV12-3
"GYLQPRTFLL,VGYLQPRTF,YLQPRTFLL,YLQPRTFLLK,YLRPRTFLL","A*02:01,A*24:02,B*07:02",CVVNDPSGNTPLVF,CSARDDAATNTGELFF,Covid19,S,Zhang_2023,True,TRAV12-1,TRBV20-1
"GYLQPRTFLL,VGYLQPRTF,YLQPRTFLL,YLQPRTFLLK,YLRPRTFLL","A*02:01,A*24:02,B*07:02",CAMSGNAGNMLTF,CASFEENTGELFF,Covid19,S,Zhang_2023,True,TRAV12-3,TRBV7-8
"GYLQPRTFLL,VGYLQPRTF,YLQPRTFLL,YLQPRTFLLK,YLRPRTFLL","A*02:01,A*24:02,B*07:02",CAVNRDDKIIF,CASSDPNSLELFF,Covid19,S,Zhang_2023,True,TRAV12-1,TRBV25-1
"GYLQPRTFLL,VGYLQPRTF,YLQPRTFLL,YLQPRTFLLK,YLRPRTFLL","A*02:01,A*24:02,B*07:02",CVVNRDDKIIF,CASSSHNSLEAFF,Covid19,S,Zhang_2023,True,TRAV12-1,TRBV6-5
"GYLQPRTFLL,VGYLQPRTF,YLQPRTFLL,YLQPRTFLLK,YLRPRTFLL","A*02:01,A*24:02,B*07:02",CVVNLLDDMRF,CASSGGYEQYF,Covid19,S,Zhang_2023,True,TRAV12-1,TRBV7-8
"GYLQPRTFLL,VGYLQPRTF,YLQPRTFLL,YLQPRTFLLK,YLRPRTFLL","A*02:01,A*24:02,B*07:02",CVVNSYDDMRF,CASSPRNTGELFF,Covid19,S,Zhang_2023,True,TRAV12-1,TRBV4-3
"GYLQPRTFLL,VGYLQPRTF,YLQPRTFLL,YLQPRTFLLK,YLRPRTFLL","A*02:01,A*24:02,B*07:02",CAVGGQNFVF,CSVFGDQNTGELFF,Covid19,S,Zhang_2023,True,TRAV12-1,TRBV29-1
"GYLQPRTFLL,VGYLQPRTF,YLQPRTFLL,YLQPRTFLLK,YLRPRTFLL","A*02:01,A*24:02,B*07:02",CVVNEVTGGGNKLTF,CASSEQNKNIQYF,Covid19,S,Zhang_2023,True,TRAV12-1,TRBV28
"GYLQPRTFLL,VGYLQPRTF,YLQPRTFLL,YLQPRTFLLK,YLRPRTFLL","A*02:01,A*24:02,B*07:02",CAVVTGTASKLTF,CSARGREMRNTGELFF,Covid19,S,Zhang_2023,True,TRAV20,TRBV20-1
"GYLQPRTFLL,VGYLQPRTF,YLQPRTFLL,YLQPRTFLLK,YLRPRTFLL","A*02:01,A*24:02,B*07:02",CVVNSPSGNTPLVF,CSARDPGAHNTGELFF,Covid19,S,Zhang_2023,True,TRAV12-1,TRBV20-1
"GYLQPRTFLL,VGYLQPRTF,YLQPRTFLL,YLQPRTFLLK,YLRPRTFLL","A*02:01,A*24:02,B*07:02",CVVNSLGGYSTLTF,CASSPPGGGNTGELFF,Covid19,S,Zhang_2023,True,TRAV12-1,TRBV4-3
"GYLQPRTFLL,VGYLQPRTF,YLQPRTFLL,YLQPRTFLLK,YLRPRTFLL","A*02:01,A*24:02,B*07:02",CAVNRDDKIIF,CASSFDIEAFF,Covid19,S,Zhang_2023,True,TRAV12-2,TRBV7-9
"GYLQPRTFLL,VGYLQPRTF,YLQPRTFLL,YLQPRTFLLK,YLRPRTFLL","A*02:01,A*24:02,B*07:02",CVVNRWDDMRF,CATTRDENTGELFF,Covid19,S,Zhang_2023,True,TRAV12-1,TRBV24-1
"GYLQPRTFLL,VGYLQPRTF,YLQPRTFLL,YLQPRTFLLK,YLRPRTFLL","A*02:01,A*24:02,B*07:02",CALRGAAGNKLTF,CASSPEIEAFF,Covid19,S,Zhang_2023,True,TRAV16,TRBV7-9
"GYLQPRTFLL,VGYLQPRTF,YLQPRTFLL,YLQPRTFLLK,YLRPRTFLL","A*02:01,A*24:02,B*07:02",CAVNKEDDMRF,CAAGDYNTGELFF,Covid19,S,Zhang_2023,True,TRAV12-1,TRBV5-5
"GYLQPRTFLL,VGYLQPRTF,YLQPRTFLL,YLQPRTFLLK,YLRPRTFLL","A*02:01,A*24:02,B*07:02",CVVNDPDSWGKLQF,CASSPPGGGNTGELFF,Covid19,S,Zhang_2023,True,TRAV12-1,TRBV9
"GYLQPRTFLL,VGYLQPRTF,YLQPRTFLL,YLQPRTFLLK,YLRPRTFLL","A*02:01,A*24:02,B*07:02",CAVNRDDKIIF,CSARDVQAQNTGELFF,Covid19,S,Zhang_2023,True,TRAV12-1,TRBV20-1
"GYLQPRTFLL,VGYLQPRTF,YLQPRTFLL,YLQPRTFLLK,YLRPRTFLL","A*02:01,A*24:02,B*07:02",CVVNRGNDMRF,CASSNMNTGELFF,Covid19,S,Zhang_2023,True,TRAV12-1,TRBV2
"GYLQPRTFLL,VGYLQPRTF,YLQPRTFLL,YLQPRTFLLK,YLRPRTFLL","A*02:01,A*24:02,B*07:02",CVVNKADKLIF,CASTDDIEAFF,Covid19,S,Zhang_2023,True,TRAV12-1,TRBV7-9
"GYLQPRTFLL,VGYLQPRTF,YLQPRTFLL,YLQPRTFLLK,YLRPRTFLL","A*02:01,A*24:02,B*07:02",CVVNRGNFLVF,CASSPVGGGNTGELFF,Covid19,S,Zhang_2023,True,TRAV12-1,TRBV4-3
"GYLQPRTFLL,VGYLQPRTF,YLQPRTFLL,YLQPRTFLLK,YLRPRTFLL","A*02:01,A*24:02,B*07:02",CVVNLPSGNTPLVF,CSARDGDMTNTGELFF,Covid19,S,Zhang_2023,True,TRAV12-1,TRBV20-1
"GYLQPRTFLL,VGYLQPRTF,YLQPRTFLL,YLQPRTFLLK,YLRPRTFLL","A*02:01,A*24:02,B*07:02",CAVYRGSQGNLIF,CASLEQNTGELFF,Covid19,S,Zhang_2023,True,TRAV12-2,TRBV11-3
"GYLQPRTFLL,VGYLQPRTF,YLQPRTFLL,YLQPRTFLLK,YLRPRTFLL","A*02:01,A*24:02,B*07:02",CAVNKDDKIIF,CARGDGNTGELFF,Covid19,S,Zhang_2023,True,TRAV12-1,TRBV7-9
"GYLQPRTFLL,VGYLQPRTF,YLQPRTFLL,YLQPRTFLLK,YLRPRTFLL","A*02:01,A*24:02,B*07:02",CVVNWGNDMRF,CASSDLTTGELFF,Covid19,S,Zhang_2023,True,TRAV12-1,TRBV2
"GYLQPRTFLL,VGYLQPRTF,YLQPRTFLL,YLQPRTFLLK,YLRPRTFLL","A*02:01,A*24:02,B*07:02",CVVNRNNDMRF,CATSNLDTGELFF,Covid19,S,Zhang_2023,True,TRAV12-1,TRBV15
"GYLQPRTFLL,VGYLQPRTF,YLQPRTFLL,YLQPRTFLLK,YLRPRTFLL","A*02:01,A*24:02,B*07:02",CAENDNDMRF,CASRHGHEKLFF,Covid19,S,Zhang_2023,True,TRAV13-2,TRBV4-1
"GYLQPRTFLL,VGYLQPRTF,YLQPRTFLL,YLQPRTFLLK,YLRPRTFLL","A*02:01,A*24:02,B*07:02",CVVNEEDKLIF,CASSSEIDRNTGELFF,Covid19,S,Zhang_2023,True,TRAV12-1,TRBV5-4
"GYLQPRTFLL,VGYLQPRTF,YLQPRTFLL,YLQPRTFLLK,YLRPRTFLL","A*02:01,A*24:02,B*07:02",CVVNGNTDKLIF,CAGDRGDKNTGELFF,Covid19,S,Zhang_2023,True,TRAV12-1,TRBV2
"GYLQPRTFLL,VGYLQPRTF,YLQPRTFLL,YLQPRTFLLK,YLRPRTFLL","A*02:01,A*24:02,B*07:02",CVVNNNNDMRF,CAVQQVNTGELFF,Covid19,S,Zhang_2023,True,TRAV12-1,TRBV19
"GYLQPRTFLL,VGYLQPRTF,YLQPRTFLL,YLQPRTFLLK,YLRPRTFLL","A*02:01,A*24:02,B*07:02",CVVNGGDKIIF,CASSPDIEAFF,Covid19,S,Zhang_2023,True,TRAV12-1,TRBV7-9
"GYLQPRTFLL,VGYLQPRTF,YLQPRTFLL,YLQPRTFLLK,YLRPRTFLL","A*02:01,A*24:02,B*07:02",CVVNAPQAGTALIF,CSARDERAQNTGELFF,Covid19,S,Zhang_2023,True,TRAV12-1,TRBV20-1
"GYLQPRTFLL,VGYLQPRTF,YLQPRTFLL,YLQPRTFLLK,YLRPRTFLL","A*02:01,A*24:02,B*07:02",CVVNRADKLIF,CASGEANTGELFF,Covid19,S,Zhang_2023,True,TRAV12-1,TRBV7-9
"GYLQPRTFLL,VGYLQPRTF,YLQPRTFLL,YLQPRTFLLK,YLRPRTFLL","A*02:01,A*24:02,B*07:02",CVVNSESGNTPLVF,CSVRDRDRHNTGELFF,Covid19,S,Zhang_2023,True,TRAV12-1,TRBV29-1
"GYLQPRTFLL,VGYLQPRTF,YLQPRTFLL,YLQPRTFLLK,YLRPRTFLL","A*02:01,A*24:02,B*07:02",CVVNNNNDMRF,CASGDLNTGELFF,Covid19,S,Zhang_2023,True,TRAV12-1,TRBV7-3
"GYLQPRTFLL,VGYLQPRTF,YLQPRTFLL,YLQPRTFLLK,YLRPRTFLL","A*02:01,A*24:02,B*07:02",CAVNILDDMRF,CASIRDRNTGELFF,Covid19,S,Zhang_2023,True,TRAV12-1,TRBV12-4
"GYLQPRTFLL,VGYLQPRTF,YLQPRTFLL,YLQPRTFLLK,YLRPRTFLL","A*02:01,A*24:02,B*07:02",CAANRDDKIIF,CSVSDRNTLEAFF,Covid19,S,Zhang_2023,True,TRAV12-1,TRBV29-1
"GYLQPRTFLL,VGYLQPRTF,YLQPRTFLL,YLQPRTFLLK,YLRPRTFLL","A*02:01,A*24:02,B*07:02",CVVNKDNDMRF,CATQDANTGELFF,Covid19,S,Zhang_2023,True,TRAV12-1,TRBV5-1
"GYLQPRTFLL,VGYLQPRTF,YLQPRTFLL,YLQPRTFLLK,YLRPRTFLL","A*02:01,A*24:02,B*07:02",CVVNKEDDMRF,CASRADQNTGELFF,Covid19,S,Zhang_2023,True,TRAV12-1,TRBV5-4
"GYLQPRTFLL,VGYLQPRTF,YLQPRTFLL,YLQPRTFLLK,YLRPRTFLL","A*02:01,A*24:02,B*07:02",CVVNAPSGNTPLVF,CSARTWDAENTGELFF,Covid19,S,Zhang_2023,True,TRAV12-1,TRBV20-1
"GYLQPRTFLL,VGYLQPRTF,YLQPRTFLL,YLQPRTFLLK,YLRPRTFLL","A*02:01,A*24:02,B*07:02",CVVNTPKGNTPLVF,CSARDGAAMNTGELFF,Covid19,S,Zhang_2023,True,TRAV12-1,TRBV20-1
"GYLQPRTFLL,VGYLQPRTF,YLQPRTFLL,YLQPRTFLLK,YLRPRTFLL","A*02:01,A*24:02,B*07:02",CVVNEEDKLTF,CATSPDPNTGELFF,Covid19,S,Zhang_2023,True,TRAV12-1,TRBV24-1
"GYLQPRTFLL,VGYLQPRTF,YLQPRTFLL,YLQPRTFLLK,YLRPRTFLL","A*02:01,A*24:02,B*07:02",CVVNRFNDMRF,CSVSSLNTGELFF,Covid19,S,Zhang_2023,True,TRAV12-1,TRBV20-1
"GYLQPRTFLL,VGYLQPRTF,YLQPRTFLL,YLQPRTFLLK,YLRPRTFLL","A*02:01,A*24:02,B*07:02",CAVNGGDKIIF,CASSSDIEAFF,Covid19,S,Zhang_2023,True,TRAV12-2,TRBV7-9
"GYLQPRTFLL,VGYLQPRTF,YLQPRTFLL,YLQPRTFLLK,YLRPRTFLL","A*02:01,A*24:02,B*07:02",CAVNGNDKIIF,CASSLDIEAFF,Covid19,S,Zhang_2023,True,TRAV12-1,TRBV7-9
"GYLQPRTFLL,VGYLQPRTF,YLQPRTFLL,YLQPRTFLLK,YLRPRTFLL","A*02:01,A*24:02,B*07:02",CAVNRPGAGSYQLTF,CASSLVGGGNTGELFF,Covid19,S,Zhang_2023,True,TRAV12-1,TRBV13
"GYLQPRTFLL,VGYLQPRTF,YLQPRTFLL,YLQPRTFLLK,YLRPRTFLL","A*02:01,A*24:02,B*07:02",CAVNMRKNSGGSNYKLTF,CASSLGEGPETQYF,Covid19,S,Zhang_2023,True,TRAV12-2,TRBV7-7
"GYLQPRTFLL,VGYLQPRTF,YLQPRTFLL,YLQPRTFLLK,YLRPRTFLL","A*02:01,A*24:02,B*07:02",CVVNRGNDMRF,CASGEMNTGELFF,Covid19,S,Zhang_2023,True,TRAV12-1,TRBV12-3
"GYLQPRTFLL,VGYLQPRTF,YLQPRTFLL,YLQPRTFLLK,YLRPRTFLL","A*02:01,A*24:02,B*07:02",CVVNEPAGNTPLVF,CSARDPGAMNTGELFF,Covid19,S,Zhang_2023,True,TRAV12-1,TRBV20-1
"GYLQPRTFLL,VGYLQPRTF,YLQPRTFLL,YLQPRTFLLK,YLRPRTFLL","A*02:01,A*24:02,B*07:02",CVVNKYNDMRF,CSAQDLNTGELFF,Covid19,S,Zhang_2023,True,TRAV12-1,TRBV20-1
"GYLQPRTFLL,VGYLQPRTF,YLQPRTFLL,YLQPRTFLLK,YLRPRTFLL","A*02:01,A*24:02,B*07:02",CVVNERAGNMLTF,CATQGLNTGELFF,Covid19,S,Zhang_2023,True,TRAV12-1,TRBV15
"GYLQPRTFLL,VGYLQPRTF,YLQPRTFLL,YLQPRTFLLK,YLRPRTFLL","A*02:01,A*24:02,B*07:02",CVVNDYGNKLVF,CSAPGAVGWNTGELFF,Covid19,S,Zhang_2023,True,TRAV12-1,TRBV20-1
"GYLQPRTFLL,VGYLQPRTF,YLQPRTFLL,YLQPRTFLLK,YLRPRTFLL","A*02:01,A*24:02,B*07:02",CVVNREDKLIF,CSARDQLAANTGELFF,Covid19,S,Zhang_2023,True,TRAV12-1,TRBV20-1
"GYLQPRTFLL,VGYLQPRTF,YLQPRTFLL,YLQPRTFLLK,YLRPRTFLL","A*02:01,A*24:02,B*07:02",CAVNKDDKLIF,CSARDQVAANTGELFF,Covid19,S,Zhang_2023,True,TRAV12-1,TRBV20-1
"GYLQPRTFLL,VGYLQPRTF,YLQPRTFLL,YLQPRTFLLK,YLRPRTFLL","A*02:01,A*24:02,B*07:02",CVVNKGNDMRF,CARTSDLNTGELFF,Covid19,S,Zhang_2023,True,TRAV12-1,TRBV2
"GYLQPRTFLL,VGYLQPRTF,YLQPRTFLL,YLQPRTFLLK,YLRPRTFLL","A*02:01,A*24:02,B*07:02",CVVNDSGGYNKLIF,CASSEIAGGNTGELFF,Covid19,S,Zhang_2023,True,TRAV12-1,TRBV2
"GYLQPRTFLL,VGYLQPRTF,YLQPRTFLL,YLQPRTFLLK,YLRPRTFLL","A*02:01,A*24:02,B*07:02",CVVNYNNDMRF,CASTDLNSGEQYV,Covid19,S,Zhang_2023,True,TRAV12-1,TRBV6-5
"GYLQPRTFLL,VGYLQPRTF,YLQPRTFLL,YLQPRTFLLK,YLRPRTFLL","A*02:01,A*24:02,B*07:02",CVVNNADDMRF,CGGVRDANTGELFF,Covid19,S,Zhang_2023,True,TRAV12-1,TRBV7-8
"GYLQPRTFLL,VGYLQPRTF,YLQPRTFLL,YLQPRTFLLK,YLRPRTFLL","A*02:01,A*24:02,B*07:02",CAVNTYDRLMF,CAPRDYQTQNTGELFF,Covid19,S,Zhang_2023,True,TRAV12-2,TRBV2
"GYLQPRTFLL,VGYLQPRTF,YLQPRTFLL,YLQPRTFLLK,YLRPRTFLL","A*02:01,A*24:02,B*07:02",CVVNKENDMRF,CSVEELNTGELFF,Covid19,S,Zhang_2023,True,TRAV12-1,TRBV29-1
"GYLQPRTFLL,VGYLQPRTF,YLQPRTFLL,YLQPRTFLLK,YLRPRTFLL","A*02:01,A*24:02,B*07:02",CVVNRGNDMRF,CASSELDTGELFF,Covid19,S,Zhang_2023,True,TRAV12-1,TRBV2
"GYLQPRTFLL,VGYLQPRTF,YLQPRTFLL,YLQPRTFLLK,YLRPRTFLL","A*02:01,A*24:02,B*07:02",CAVNEHDKIIF,CASSLDIDLGFV,Covid19,S,Zhang_2023,True,TRAV12-2,TRBV7-9
"GYLQPRTFLL,VGYLQPRTF,YLQPRTFLL,YLQPRTFLLK,YLRPRTFLL","A*02:01,A*24:02,B*07:02",CVVNRDDGLTF,CAITGDQNTGELFF,Covid19,S,Zhang_2023,True,TRAV12-1,TRBV10-3
"GYLQPRTFLL,VGYLQPRTF,YLQPRTFLL,YLQPRTFLLK,YLRPRTFLL","A*02:01,A*24:02,B*07:02",CVVNRGNDMRF,CASIKDLNTGELFF,Covid19,S,Zhang_2023,True,TRAV12-1,TRBV2
"GYLQPRTFLL,VGYLQPRTF,YLQPRTFLL,YLQPRTFLLK,YLRPRTFLL","A*02:01,A*24:02,B*07:02",CVVNNNNDMRF,CASSQDVKTSGIEQYF,Covid19,S,Zhang_2023,True,TRAV12-1,TRBV4-3
"GYLQPRTFLL,VGYLQPRTF,YLQPRTFLL,YLQPRTFLLK,YLRPRTFLL","A*02:01,A*24:02,B*07:02",CAGLLYNNNDMRF,CAAGDYNTGELFF,Covid19,S,Zhang_2023,True,TRAV35,TRBV5-5
"GYLQPRTFLL,VGYLQPRTF,YLQPRTFLL,YLQPRTFLLK,YLRPRTFLL","A*02:01,A*24:02,B*07:02",CAAPPYTGGFKTIF,CAAPDQNTGELFF,Covid19,S,Zhang_2023,True,TRAV29/DV5,TRBV7-8
"GYLQPRTFLL,VGYLQPRTF,YLQPRTFLL,YLQPRTFLLK,YLRPRTFLL","A*02:01,A*24:02,B*07:02",CVVNNNDKLIF,CANGYLNTGELFF,Covid19,S,Zhang_2023,True,TRAV12-1,TRBV7-8
"GYLQPRTFLL,VGYLQPRTF,YLQPRTFLL,YLQPRTFLLK,YLRPRTFLL","A*02:01,A*24:02,B*07:02",CVVNSGGNQFYF,CATQELNTGELFF,Covid19,S,Zhang_2023,True,TRAV12-1,TRBV15
"GYLQPRTFLL,VGYLQPRTF,YLQPRTFLL,YLQPRTFLLK,YLRPRTFLL","A*02:01,A*24:02,B*07:02",CVVNRDDKIIF,CSARDALAWNTGELFF,Covid19,S,Zhang_2023,True,TRAV12-1,TRBV20-1
"GYLQPRTFLL,VGYLQPRTF,YLQPRTFLL,YLQPRTFLLK,YLRPRTFLL","A*02:01,A*24:02,B*07:02",CVVNEGDDMRF,CASSPEDEQYF,Covid19,S,Zhang_2023,True,TRAV12-1,TRBV7-9
"GYLQPRTFLL,VGYLQPRTF,YLQPRTFLL,YLQPRTFLLK,YLRPRTFLL","A*02:01,A*24:02,B*07:02",CAGSGNTGKLIF,CATSDPNSLEAFF,Covid19,S,Zhang_2023,True,TRAV21,TRBV24-1
"GYLQPRTFLL,VGYLQPRTF,YLQPRTFLL,YLQPRTFLLK,YLRPRTFLL","A*02:01,A*24:02,B*07:02",CVVNDSWGKLQF,CASSPSQTTGELFF,Covid19,S,Zhang_2023,True,TRAV12-1,TRBV4-2
"GYLQPRTFLL,VGYLQPRTF,YLQPRTFLL,YLQPRTFLLK,YLRPRTFLL","A*02:01,A*24:02,B*07:02",CAVNKEDKIIF,CASGEANTGELFF,Covid19,S,Zhang_2023,True,TRAV12-1,TRBV7-8
"GYLQPRTFLL,VGYLQPRTF,YLQPRTFLL,YLQPRTFLLK,YLRPRTFLL","A*02:01,A*24:02,B*07:02",CAVNDNAGNMLTF,CAGQDSNTGELFF,Covid19,S,Zhang_2023,True,TRAV12-2,TRBV15
"GYLQPRTFLL,VGYLQPRTF,YLQPRTFLL,YLQPRTFLLK,YLRPRTFLL","A*02:01,A*24:02,B*07:02",CVVNQGDKIIF,CASSPDIEAFF,Covid19,S,Zhang_2023,True,TRAV12-1,TRBV7-9
"GYLQPRTFLL,VGYLQPRTF,YLQPRTFLL,YLQPRTFLLK,YLRPRTFLL","A*02:01,A*24:02,B*07:02",CVVNRNNDMRF,CSVEELNTGELFF,Covid19,S,Zhang_2023,True,TRAV12-1,TRBV20-1
"GYLQPRTFLL,VGYLQPRTF,YLQPRTFLL,YLQPRTFLLK,YLRPRTFLL","A*02:01,A*24:02,B*07:02",CALILDTGRRALTF,CAGGDSNTGELFF,Covid19,S,Zhang_2023,True,TRAV19,TRBV4-3
"GYLQPRTFLL,VGYLQPRTF,YLQPRTFLL,YLQPRTFLLK,YLRPRTFLL","A*02:01,A*24:02,B*07:02",CAVNKDDKIIF,CASSYDIEAFF,Covid19,S,Zhang_2023,True,TRAV12-2,TRBV7-9
"GYLQPRTFLL,VGYLQPRTF,YLQPRTFLL,YLQPRTFLLK,YLRPRTFLL","A*02:01,A*24:02,B*07:02",CAVNGGDKLIF,CASSLDIEAFF,Covid19,S,Zhang_2023,True,TRAV12-1,TRBV7-9
"GYLQPRTFLL,VGYLQPRTF,YLQPRTFLL,YLQPRTFLLK,YLRPRTFLL","A*02:01,A*24:02,B*07:02",CVVNSASGYSTLTF,CASSPVGGGDTGELFF,Covid19,S,Zhang_2023,True,TRAV12-1,TRBV4-3
"GYLQPRTFLL,VGYLQPRTF,YLQPRTFLL,YLQPRTFLLK,YLRPRTFLL","A*02:01,A*24:02,B*07:02",CVVNNNNDMRF,CASQETNTGELFF,Covid19,S,Zhang_2023,True,TRAV12-1,TRBV5-1
"GYLQPRTFLL,VGYLQPRTF,YLQPRTFLL,YLQPRTFLLK,YLRPRTFLL","A*02:01,A*24:02,B*07:02",CVVNFGDALNF,CASSSDIEQYF,Covid19,S,Zhang_2023,True,TRAV12-1,TRBV7-9
"GYLQPRTFLL,VGYLQPRTF,YLQPRTFLL,YLQPRTFLLK,YLRPRTFLL","A*02:01,A*24:02,B*07:02",CAVNEEDALNF,CATSELNTGELFF,Covid19,S,Zhang_2023,True,TRAV12-1,TRBV24-1
"GYLQPRTFLL,VGYLQPRTF,YLQPRTFLL,YLQPRTFLLK,YLRPRTFLL","A*02:01,A*24:02,B*07:02",CVVNRDSGYALNF,CSVEMDRNTGELFF,Covid19,S,Zhang_2023,True,TRAV12-1,TRBV29-1
"GYLQPRTFLL,VGYLQPRTF,YLQPRTFLL,YLQPRTFLLK,YLRPRTFLL","A*02:01,A*24:02,B*07:02",CAVSDPLFSGSARQLTF,CSARDHLAENTGELFF,Covid19,S,Zhang_2023,True,TRAV8-6,TRBV20-1
"GYLQPRTFLL,VGYLQPRTF,YLQPRTFLL,YLQPRTFLLK,YLRPRTFLL","A*02:01,A*24:02,B*07:02",CAASDGGANNLFF,CASSAVDRAQEPQHF,Covid19,S,Zhang_2023,True,TRAV29/DV5,TRBV9
"GYLQPRTFLL,VGYLQPRTF,YLQPRTFLL,YLQPRTFLLK,YLRPRTFLL","A*02:01,A*24:02,B*07:02",CVVNAEDDMRF,CASSDRNTGELFF,Covid19,S,Zhang_2023,True,TRAV12-1,TRBV5-1
"GYLQPRTFLL,VGYLQPRTF,YLQPRTFLL,YLQPRTFLLK,YLRPRTFLL","A*02:01,A*24:02,B*07:02",CVVNSGDKLIF,CASSLEIEAFF,Covid19,S,Zhang_2023,True,TRAV12-1,TRBV7-9
"GYLQPRTFLL,VGYLQPRTF,YLQPRTFLL,YLQPRTFLLK,YLRPRTFLL","A*02:01,A*24:02,B*07:02",CAVNYNTDKLIF,CASQLQNTGELFF,Covid19,S,Zhang_2023,True,TRAV12-2,TRBV12-3
"GYLQPRTFLL,VGYLQPRTF,YLQPRTFLL,YLQPRTFLLK,YLRPRTFLL","A*02:01,A*24:02,B*07:02",CVVNGHNNDMRF,CAGQALNTGELFF,Covid19,S,Zhang_2023,True,TRAV12-1,TRBV7-2
"GYLQPRTFLL,VGYLQPRTF,YLQPRTFLL,YLQPRTFLLK,YLRPRTFLL","A*02:01,A*24:02,B*07:02",CVVRGGYQKVTF,CASSELAGDYNEQFF,Covid19,S,Zhang_2023,True,TRAV8-2,TRBV7-3
"GYLQPRTFLL,VGYLQPRTF,YLQPRTFLL,YLQPRTFLLK,YLRPRTFLL","A*02:01,A*24:02,B*07:02",CAAKDSNSGYALNF,CASSPPGDRAGELFF,Covid19,S,Zhang_2023,True,TRAV13-1,TRBV7-9
"GYLQPRTFLL,VGYLQPRTF,YLQPRTFLL,YLQPRTFLLK,YLRPRTFLL","A*02:01,A*24:02,B*07:02",CVVNDMDDMRF,CASSESNTGELFF,Covid19,S,Zhang_2023,True,TRAV12-1,TRBV5-1
"GYLQPRTFLL,VGYLQPRTF,YLQPRTFLL,YLQPRTFLLK,YLRPRTFLL","A*02:01,A*24:02,B*07:02",CVVNILDDMRF,CASSPDGEQFF,Covid19,S,Zhang_2023,True,TRAV12-1,TRBV7-9
"GYLQPRTFLL,VGYLQPRTF,YLQPRTFLL,YLQPRTFLLK,YLRPRTFLL","A*02:01,A*24:02,B*07:02",CAARARGAYGNNRLAF,CSVGDNANTGELFF,Covid19,S,Zhang_2023,True,TRAV23/DV6,TRBV29-1
"GYLQPRTFLL,VGYLQPRTF,YLQPRTFLL,YLQPRTFLLK,YLRPRTFLL","A*02:01,A*24:02,B*07:02",CVVNLPSFGNVLHC,CANQDRNTGELFF,Covid19,S,Zhang_2023,True,TRAV12-1,TRBV6-1
"GYLQPRTFLL,VGYLQPRTF,YLQPRTFLL,YLQPRTFLLK,YLRPRTFLL","A*02:01,A*24:02,B*07:02",CVVNGNNDMRF,CASSDLNTGELFF,Covid19,S,Zhang_2023,True,TRAV12-1,TRBV2
"GYLQPRTFLL,VGYLQPRTF,YLQPRTFLL,YLQPRTFLLK,YLRPRTFLL","A*02:01,A*24:02,B*07:02",CAVSPMDSSYKLIF,CASSIAAREDTEAFF,Covid19,S,Zhang_2023,True,TRAV3,TRBV19
"GYLQPRTFLL,VGYLQPRTF,YLQPRTFLL,YLQPRTFLLK,YLRPRTFLL","A*02:01,A*24:02,B*07:02",CAVPSSGGYQKVTF,CAKGHANTGELFF,Covid19,S,Zhang_2023,True,TRAV5,TRBV12-4
"GYLQPRTFLL,VGYLQPRTF,YLQPRTFLL,YLQPRTFLLK,YLRPRTFLL","A*02:01,A*24:02,B*07:02",CAFMKQNPNAGKSTF,CATQDSNTGELFF,Covid19,S,Zhang_2023,True,TRAV38-1,TRBV5-1
"GYLQPRTFLL,VGYLQPRTF,YLQPRTFLL,YLQPRTFLLK,YLRPRTFLL","A*02:01,A*24:02,B*07:02",CAVNSLYDYKLSF,CASSPVGGGNTGELFF,Covid19,S,Zhang_2023,True,TRAV12-1,TRBV19
"GYLQPRTFLL,VGYLQPRTF,YLQPRTFLL,YLQPRTFLLK,YLRPRTFLL","A*02:01,A*24:02,B*07:02",CAVNKLDGLTF,CASSIDIAAFF,Covid19,S,Zhang_2023,True,TRAV12-1,TRBV7-9
"GYLQPRTFLL,VGYLQPRTF,YLQPRTFLL,YLQPRTFLLK,YLRPRTFLL","A*02:01,A*24:02,B*07:02",CVVNRARGGADGLTF,CASSGLAEVNTGELFF,Covid19,S,Zhang_2023,True,TRAV12-1,TRBV13
"GYLQPRTFLL,VGYLQPRTF,YLQPRTFLL,YLQPRTFLLK,YLRPRTFLL","A*02:01,A*24:02,B*07:02",CAVNHNTDKLIF,CACQDLNTGELFF,Covid19,S,Zhang_2023,True,TRAV12-1,TRBV30
"GYLQPRTFLL,VGYLQPRTF,YLQPRTFLL,YLQPRTFLLK,YLRPRTFLL","A*02:01,A*24:02,B*07:02",CAVNGRGGFGNVLHC,CASSLDIEAFF,Covid19,S,Zhang_2023,True,TRAV12-1,TRBV7-9
"GYLQPRTFLL,VGYLQPRTF,YLQPRTFLL,YLQPRTFLLK,YLRPRTFLL","A*02:01,A*24:02,B*07:02",CAVEDRSFGNEKLTF,CASLDQNTGELFF,Covid19,S,Zhang_2023,True,TRAV2,TRBV7-8
"GYLQPRTFLL,VGYLQPRTF,YLQPRTFLL,YLQPRTFLLK,YLRPRTFLL","A*02:01,A*24:02,B*07:02",CVVNALTPYNQGGKLIF,CAWLDHNSYEQYF,Covid19,S,Zhang_2023,True,TRAV12-1,TRBV30
"GYLQPRTFLL,VGYLQPRTF,YLQPRTFLL,YLQPRTFLLK,YLRPRTFLL","A*02:01,A*24:02,B*07:02",CAVNEYDNLFF,CSARDRLAHNTGELFF,Covid19,S,Zhang_2023,True,TRAV12-2,TRBV20-1
"GYLQPRTFLL,VGYLQPRTF,YLQPRTFLL,YLQPRTFLLK,YLRPRTFLL","A*02:01,A*24:02,B*07:02",CVVNYYDKVIF,CASSLRNDLVNTF,Covid19,S,Zhang_2023,True,TRAV12-1,TRBV28
"GYLQPRTFLL,VGYLQPRTF,YLQPRTFLL,YLQPRTFLLK,YLRPRTFLL","A*02:01,A*24:02,B*07:02",CVVNRHNDMRF,CSVPDDLNTGELFF,Covid19,S,Zhang_2023,True,TRAV12-1,TRBV29-1
"GYLQPRTFLL,VGYLQPRTF,YLQPRTFLL,YLQPRTFLLK,YLRPRTFLL","A*02:01,A*24:02,B*07:02",CVVNENNDMRF,CASSEMNTGELFF,Covid19,S,Zhang_2023,True,TRAV12-1,TRBV2
"GYLQPRTFLL,VGYLQPRTF,YLQPRTFLL,YLQPRTFLLK,YLRPRTFLL","A*02:01,A*24:02,B*07:02",CAASKVDGQNFVF,CADQDLNTGELFF,Covid19,S,Zhang_2023,True,TRAV23/DV6,TRBV7-3
"GYLQPRTFLL,VGYLQPRTF,YLQPRTFLL,YLQPRTFLLK,YLRPRTFLL","A*02:01,A*24:02,B*07:02",CAVNDPSGNTPLVF,CASSPVSGGNTGELFF,Covid19,S,Zhang_2023,True,TRAV12-1,TRBV5-6
"GYLQPRTFLL,VGYLQPRTF,YLQPRTFLL,YLQPRTFLLK,YLRPRTFLL","A*02:01,A*24:02,B*07:02",CVVNDLNDMRF,CASGAENTGELFF,Covid19,S,Zhang_2023,True,TRAV12-1,TRBV5-1
"GYLQPRTFLL,VGYLQPRTF,YLQPRTFLL,YLQPRTFLLK,YLRPRTFLL","A*02:01,A*24:02,B*07:02",CVVNRENMLTF,CSARDKLAENTGELFF,Covid19,S,Zhang_2023,True,TRAV12-1,TRBV20-1
"GYLQPRTFLL,VGYLQPRTF,YLQPRTFLL,YLQPRTFLLK,YLRPRTFLL","A*02:01,A*24:02,B*07:02",CAPGGGADGLTF,CASSGGYEQYF,Covid19,S,Zhang_2023,True,TRAV16,TRBV7-8
"GYLQPRTFLL,VGYLQPRTF,YLQPRTFLL,YLQPRTFLLK,YLRPRTFLL","A*02:01,A*24:02,B*07:02",CAVNKEDRLMF,CASTYKNTGELFF,Covid19,S,Zhang_2023,True,TRAV12-1,TRBV28
"GYLQPRTFLL,VGYLQPRTF,YLQPRTFLL,YLQPRTFLLK,YLRPRTFLL","A*02:01,A*24:02,B*07:02",CVGTDSWGKLQF,CASSLLVSTDTQYF,Covid19,S,Zhang_2023,True,TRAV12-1,TRBV19
"GYLQPRTFLL,VGYLQPRTF,YLQPRTFLL,YLQPRTFLLK,YLRPRTFLL","A*02:01,A*24:02,B*07:02",CVVNEDNDMRF,CAGQDMNTGELFF,Covid19,S,Zhang_2023,True,TRAV12-1,TRBV19
"GYLQPRTFLL,VGYLQPRTF,YLQPRTFLL,YLQPRTFLLK,YLRPRTFLL","A*02:01,A*24:02,B*07:02",CAGLMF,CASSSDIEQYF,Covid19,S,Zhang_2023,True,TRAV27,TRBV7-9
"GYLQPRTFLL,VGYLQPRTF,YLQPRTFLL,YLQPRTFLLK,YLRPRTFLL","A*02:01,A*24:02,B*07:02",CVVNKGDKIIF,CATGNANTGELFF,Covid19,S,Zhang_2023,True,TRAV12-1,TRBV7-9
"GYLQPRTFLL,VGYLQPRTF,YLQPRTFLL,YLQPRTFLLK,YLRPRTFLL","A*02:01,A*24:02,B*07:02",CAVNTINDYKLSF,CASSPLGGGNTGELFF,Covid19,S,Zhang_2023,True,TRAV12-1,TRBV19
"GYLQPRTFLL,VGYLQPRTF,YLQPRTFLL,YLQPRTFLLK,YLRPRTFLL","A*02:01,A*24:02,B*07:02",CVVNDEDRLMF,CATGAANTGELFF,Covid19,S,Zhang_2023,True,TRAV12-1,TRBV24-1
"GYLQPRTFLL,VGYLQPRTF,YLQPRTFLL,YLQPRTFLLK,YLRPRTFLL","A*02:01,A*24:02,B*07:02",CVVNSGDKIIF,CASSPEIEQYF,Covid19,S,Zhang_2023,True,TRAV12-1,TRBV7-9
"GYLQPRTFLL,VGYLQPRTF,YLQPRTFLL,YLQPRTFLLK,YLRPRTFLL","A*02:01,A*24:02,B*07:02",CVVNRNNDMRF,CSVEDLNTGELFF,Covid19,S,Zhang_2023,True,TRAV12-1,TRBV29-1
"GYLQPRTFLL,VGYLQPRTF,YLQPRTFLL,YLQPRTFLLK,YLRPRTFLL","A*02:01,A*24:02,B*07:02",CVVNQNTDKLIF,CAGQNVGQKNTGELFF,Covid19,S,Zhang_2023,True,TRAV12-1,TRBV2
"GYLQPRTFLL,VGYLQPRTF,YLQPRTFLL,YLQPRTFLLK,YLRPRTFLL","A*02:01,A*24:02,B*07:02",CAVNFEDKIIF,CSARDGAGQNTGELFF,Covid19,S,Zhang_2023,True,TRAV12-1,TRBV20-1
"GYLQPRTFLL,VGYLQPRTF,YLQPRTFLL,YLQPRTFLLK,YLRPRTFLL","A*02:01,A*24:02,B*07:02",CAVNRGDKLIF,CASSRDIKAFF,Covid19,S,Zhang_2023,True,TRAV12-1,TRBV7-9
"GYLQPRTFLL,VGYLQPRTF,YLQPRTFLL,YLQPRTFLLK,YLRPRTFLL","A*02:01,A*24:02,B*07:02",CVVNRDDDMRF,CATGQGNTGELFF,Covid19,S,Zhang_2023,True,TRAV12-1,TRBV12-3
"GYLQPRTFLL,VGYLQPRTF,YLQPRTFLL,YLQPRTFLLK,YLRPRTFLL","A*02:01,A*24:02,B*07:02",CVVNKADDMRF,CASTSRNTGELFF,Covid19,S,Zhang_2023,True,TRAV12-1,TRBV5-4
"GYLQPRTFLL,VGYLQPRTF,YLQPRTFLL,YLQPRTFLLK,YLRPRTFLL","A*02:01,A*24:02,B*07:02",CSMNNNAGNMLTF,CAAQLLNTGELFF,Covid19,S,Zhang_2023,True,TRAV12-2,TRBV19
"GYLQPRTFLL,VGYLQPRTF,YLQPRTFLL,YLQPRTFLLK,YLRPRTFLL","A*02:01,A*24:02,B*07:02",CVVNSYAGNMLTF,CAPGDANTGELFF,Covid19,S,Zhang_2023,True,TRAV12-1,TRBV7-8
"GYLQPRTFLL,VGYLQPRTF,YLQPRTFLL,YLQPRTFLLK,YLRPRTFLL","A*02:01,A*24:02,B*07:02",CVVNIFDDLVF,CSARDLEGQNTGELFF,Covid19,S,Zhang_2023,True,TRAV12-1,TRBV20-1
"GYLQPRTFLL,VGYLQPRTF,YLQPRTFLL,YLQPRTFLLK,YLRPRTFLL","A*02:01,A*24:02,B*07:02",CAVNWEDGLTF,CSAYGRNTGELFF,Covid19,S,Zhang_2023,True,TRAV12-1,TRBV20-1
"GYLQPRTFLL,VGYLQPRTF,YLQPRTFLL,YLQPRTFLLK,YLRPRTFLL","A*02:01,A*24:02,B*07:02",CVVNQEDKLSF,CSARDLEARNTGELFF,Covid19,S,Zhang_2023,True,TRAV12-1,TRBV20-1
"GYLQPRTFLL,VGYLQPRTF,YLQPRTFLL,YLQPRTFLLK,YLRPRTFLL","A*02:01,A*24:02,B*07:02",CVVNEGNDMRF,CAAQALNTGELFF,Covid19,S,Zhang_2023,True,TRAV12-1,TRBV6-2
"GYLQPRTFLL,VGYLQPRTF,YLQPRTFLL,YLQPRTFLLK,YLRPRTFLL","A*02:01,A*24:02,B*07:02",CAVGFKAAGNKLTF,CASEADGNTGELFF,Covid19,S,Zhang_2023,True,TRAV1-2,TRBV25-1
"GYLQPRTFLL,VGYLQPRTF,YLQPRTFLL,YLQPRTFLLK,YLRPRTFLL","A*02:01,A*24:02,B*07:02",CVVNSYDKVIF,CASSPDIGQFF,Covid19,S,Zhang_2023,True,TRAV12-1,TRBV7-9
"GYLQPRTFLL,VGYLQPRTF,YLQPRTFLL,YLQPRTFLLK,YLRPRTFLL","A*02:01,A*24:02,B*07:02",CVVNRDSGYALNF,CSVSTLQGQNTGELFF,Covid19,S,Zhang_2023,True,TRAV12-1,TRBV29-1
"GYLQPRTFLL,VGYLQPRTF,YLQPRTFLL,YLQPRTFLLK,YLRPRTFLL","A*02:01,A*24:02,B*07:02",CVVNRFDDMRF,CSAQTRNTGELFF,Covid19,S,Zhang_2023,True,TRAV12-1,TRBV20-1
"GYLQPRTFLL,VGYLQPRTF,YLQPRTFLL,YLQPRTFLLK,YLRPRTFLL","A*02:01,A*24:02,B*07:02",CVCNAGNMLTF,CATQTLNTGELFF,Covid19,S,Zhang_2023,True,TRAV12-1,TRBV2
"GYLQPRTFLL,VGYLQPRTF,YLQPRTFLL,YLQPRTFLLK,YLRPRTFLL","A*02:01,A*24:02,B*07:02",CAVNEEDKIIF,CASSPDRNTGELFF,Covid19,S,Zhang_2023,True,TRAV12-1,TRBV5-4
"GYLQPRTFLL,VGYLQPRTF,YLQPRTFLL,YLQPRTFLLK,YLRPRTFLL","A*02:01,A*24:02,B*07:02",CASQGGSEKLVF,CASSLTGGLGLTDTQYF,Covid19,S,Zhang_2023,True,TRAV38-2/DV8,TRBV7-3
"GYLQPRTFLL,VGYLQPRTF,YLQPRTFLL,YLQPRTFLLK,YLRPRTFLL","A*02:01,A*24:02,B*07:02",CAMRDSNYQLIW,CASSQDPRERWSGELFF,Covid19,S,Zhang_2023,True,TRAV14/DV4,TRBV4-3
"GYLQPRTFLL,VGYLQPRTF,YLQPRTFLL,YLQPRTFLLK,YLRPRTFLL","A*02:01,A*24:02,B*07:02",CAVETEGNTPLVF,CASSPSGVDQNYGYTF,Covid19,S,Zhang_2023,True,TRAV8-3,TRBV19
"GYLQPRTFLL,VGYLQPRTF,YLQPRTFLL,YLQPRTFLLK,YLRPRTFLL","A*02:01,A*24:02,B*07:02",CVVNRDDKIIF,CSVELSRNTLEQYF,Covid19,S,Zhang_2023,True,TRAV12-1,TRBV29-1
"GYLQPRTFLL,VGYLQPRTF,YLQPRTFLL,YLQPRTFLLK,YLRPRTFLL","A*02:01,A*24:02,B*07:02",CVVNIMNDMRF,CAGGDLNTGELFF,Covid19,S,Zhang_2023,True,TRAV12-1,TRBV7-8
"GYLQPRTFLL,VGYLQPRTF,YLQPRTFLL,YLQPRTFLLK,YLRPRTFLL","A*02:01,A*24:02,B*07:02",CAVRGGWPGTYKYIF,CASLGSNTGELFF,Covid19,S,Zhang_2023,True,TRAV12-2,TRBV9
"GYLQPRTFLL,VGYLQPRTF,YLQPRTFLL,YLQPRTFLLK,YLRPRTFLL","A*02:01,A*24:02,B*07:02",CVVNMIGGADGLTF,CSARDQRGQNTGELFF,Covid19,S,Zhang_2023,True,TRAV12-1,TRBV20-1
"GYLQPRTFLL,VGYLQPRTF,YLQPRTFLL,YLQPRTFLLK,YLRPRTFLL","A*02:01,A*24:02,B*07:02",CGMNRDDKIIF,CASSPEIEAFF,Covid19,S,Zhang_2023,True,TRAV12-1,TRBV7-9
"GYLQPRTFLL,VGYLQPRTF,YLQPRTFLL,YLQPRTFLLK,YLRPRTFLL","A*02:01,A*24:02,B*07:02",CVVNGEAGNMLTF,CASQDVNTGELFF,Covid19,S,Zhang_2023,True,TRAV12-1,TRBV4-3
"GYLQPRTFLL,VGYLQPRTF,YLQPRTFLL,YLQPRTFLLK,YLRPRTFLL","A*02:01,A*24:02,B*07:02",CIVRAGYSSASKIIF,CSAKPGHPNQPQHF,Covid19,S,Zhang_2023,True,TRAV26-1,TRBV20-1
"GYLQPRTFLL,VGYLQPRTF,YLQPRTFLL,YLQPRTFLLK,YLRPRTFLL","A*02:01,A*24:02,B*07:02",CVVNDAGGYNKLIF,CSVEPDRNTGELFF,Covid19,S,Zhang_2023,True,TRAV12-1,TRBV29-1
"GYLQPRTFLL,VGYLQPRTF,YLQPRTFLL,YLQPRTFLLK,YLRPRTFLL","A*02:01,A*24:02,B*07:02",CVVNDPSGNTPLVF,CSARDERALNTGELFF,Covid19,S,Francis_2022,True,TRAV12-1,TRBV20-1
"GYLQPRTFLL,VGYLQPRTF,YLQPRTFLL,YLQPRTFLLK,YLRPRTFLL","A*02:01,A*24:02,B*07:02",CALSNGNQFYF,CASPSENTGELFF,Covid19,S,Francis_2022,True,TRAV9-2,TRBV2
"GYLQPRTFLL,VGYLQPRTF,YLQPRTFLL,YLQPRTFLLK,YLRPRTFLL","A*02:01,A*24:02,B*07:02",CVVNGKGDDMRF,CAIASQNTGELFF,Covid19,S,Francis_2022,True,TRAV12-1,TRBV7-8
"GYLQPRTFLL,VGYLQPRTF,YLQPRTFLL,YLQPRTFLLK,YLRPRTFLL","A*02:01,A*24:02,B*07:02",CVVNRGDDMRF,CASSPEDTQYF,Covid19,S,Francis_2022,True,TRAV12-1,TRBV7-9
"GYLQPRTFLL,VGYLQPRTF,YLQPRTFLL,YLQPRTFLLK,YLRPRTFLL","A*02:01,A*24:02,B*07:02",CVVNDPNSGNTPLVF,CSARDQASQNTGELFF,Covid19,S,Francis_2022,True,TRAV12-1,TRBV20-1
"GYLQPRTFLL,VGYLQPRTF,YLQPRTFLL,YLQPRTFLLK,YLRPRTFLL","A*02:01,A*24:02,B*07:02",CVVNIPAGNTPLVF,CSARDHGATNTGELFF,Covid19,S,Francis_2022,True,TRAV12-1,TRBV20-1
"GYLQPRTFLL,VGYLQPRTF,YLQPRTFLL,YLQPRTFLLK,YLRPRTFLL","A*02:01,A*24:02,B*07:02",CVVNRDNDMRF,CASMDLNTGELFF,Covid19,S,Francis_2022,True,TRAV12-1,TRBV19
"GYLQPRTFLL,VGYLQPRTF,YLQPRTFLL,YLQPRTFLLK,YLRPRTFLL","A*02:01,A*24:02,B*07:02",CVVNNNNDMRF,CASAEMNTGELFF,Covid19,S,Francis_2022,True,TRAV12-1,TRBV2
"GYLQPRTFLL,VGYLQPRTF,YLQPRTFLL,YLQPRTFLLK,YLRPRTFLL","A*02:01,A*24:02,B*07:02",CVVNEEDALIF,CSVSRDRNTGELFF,Covid19,S,Francis_2022,True,TRAV12-1,TRBV20-1
"GYLQPRTFLL,VGYLQPRTF,YLQPRTFLL,YLQPRTFLLK,YLRPRTFLL","A*02:01,A*24:02,B*07:02",CAVNKRDRLMF,CASSPDVEAFF,Covid19,S,Francis_2022,True,TRAV12-2,TRBV7-9
"GYLQPRTFLL,VGYLQPRTF,YLQPRTFLL,YLQPRTFLLK,YLRPRTFLL","A*02:01,A*24:02,B*07:02",CVVNAADKLVF,CASSLDIEAFF,Covid19,S,Francis_2022,True,TRAV12-1,TRBV7-9
"GYLQPRTFLL,VGYLQPRTF,YLQPRTFLL,YLQPRTFLLK,YLRPRTFLL","A*02:01,A*24:02,B*07:02",CVVNDPEYGNKLVF,CAIQEANTGELFF,Covid19,S,Francis_2022,True,TRAV12-1,TRBV19
"GYLQPRTFLL,VGYLQPRTF,YLQPRTFLL,YLQPRTFLLK,YLRPRTFLL","A*02:01,A*24:02,B*07:02",CVVNMMDDMRF,CASSSDDMRNTGELFF,Covid19,S,Francis_2022,True,TRAV12-1,TRBV5-5
"GYLQPRTFLL,VGYLQPRTF,YLQPRTFLL,YLQPRTFLLK,YLRPRTFLL","A*02:01,A*24:02,B*07:02",CVVNSGDKIIF,CASSSDIEAFF,Covid19,S,Francis_2022,True,TRAV12-1,TRBV7-9
"GYLQPRTFLL,VGYLQPRTF,YLQPRTFLL,YLQPRTFLLK,YLRPRTFLL","A*02:01,A*24:02,B*07:02",CAPPLMNTGFQKLVF,CAVEGVYGEAFF,Covid19,S,Francis_2022,True,TRAV13-1,TRBV7-9
"GYLQPRTFLL,VGYLQPRTF,YLQPRTFLL,YLQPRTFLLK,YLRPRTFLL","A*02:01,A*24:02,B*07:02",CVVNIDTDKLIF,CATGGDHNTGELFF,Covid19,S,TCRvdb,True,TRAV12-1,TRBV2
"GYLQPRTFLL,VGYLQPRTF,YLQPRTFLL,YLQPRTFLLK,YLRPRTFLL","A*02:01,A*24:02,B*07:02",CVVNRNNDMRF,CATQSDPNTGELFF,Covid19,S,TCRvdb,True,TRAV12-1,TRBV2
"GYLQPRTFLL,VGYLQPRTF,YLQPRTFLL,YLQPRTFLLK,YLRPRTFLL","A*02:01,A*24:02,B*07:02",CVVNDGNKLVF,CASQELDTGELFF,Covid19,S,TCRvdb,True,TRAV12-1,TRBV2
"GYLQPRTFLL,VGYLQPRTF,YLQPRTFLL,YLQPRTFLLK,YLRPRTFLL","A*02:01,A*24:02,B*07:02",CVVNRDDKIIF,CASSESNSLEAFF,Covid19,S,TCRvdb,True,TRAV12-1,TRBV25-1
"GYLQPRTFLL,VGYLQPRTF,YLQPRTFLL,YLQPRTFLLK,YLRPRTFLL","A*02:01,A*24:02,B*07:02",CAVNRDDKIIF,CASSLDIEAFF,Covid19,S,TCRvdb,True,TRAV12-2,TRBV7-9
"GYLQPRTFLL,VGYLQPRTF,YLQPRTFLL,YLQPRTFLLK,YLRPRTFLL","A*02:01,A*24:02,B*07:02",CAVDMDTGNQFYF,CASSLETAGEQYF,Covid19,S,TCRvdb,True,TRAV39,TRBV28
"GYLQPRTFLL,VGYLQPRTF,YLQPRTFLL,YLQPRTFLLK,YLRPRTFLL","A*02:01,A*24:02,B*07:02",CVVNQADKLIF,CATGLANTGELFF,Covid19,S,TCRvdb,True,TRAV12-1,TRBV7-9
"GYLQPRTFLL,VGYLQPRTF,YLQPRTFLL,YLQPRTFLLK,YLRPRTFLL","A*02:01,A*24:02,B*07:02",CVVNGADKLIF,CASSLDIEAFF,Covid19,S,TCRvdb,True,TRAV12-1,TRBV7-9
"GYLQPRTFLL,VGYLQPRTF,YLQPRTFLL,YLQPRTFLLK,YLRPRTFLL","A*02:01,A*24:02,B*07:02",CVVNKDDKLIF,CALGEQNTGELFF,Covid19,S,TCRvdb,True,TRAV12-1,TRBV12-3
"GYLQPRTFLL,VGYLQPRTF,YLQPRTFLL,YLQPRTFLLK,YLRPRTFLL","A*02:01,A*24:02,B*07:02",CVVNRNNDMRF,CAGQVTNTGELFF,Covid19,S,TCRvdb,True,TRAV12-1,TRBV19
"GYLQPRTFLL,VGYLQPRTF,YLQPRTFLL,YLQPRTFLLK,YLRPRTFLL","A*02:01,A*24:02,B*07:02",CVVNVVDDMRF,CASSAGVSGEQYF,Covid19,S,TCRvdb,True,TRAV12-1,TRBV7-8
"GYLQPRTFLL,VGYLQPRTF,YLQPRTFLL,YLQPRTFLLK,YLRPRTFLL","A*02:01,A*24:02,B*07:02",CVVNNNNDMRF,CASGQLNTGELFF,Covid19,S,TCRvdb,True,TRAV12-1,TRBV7-8
"GYLQPRTFLL,VGYLQPRTF,YLQPRTFLL,YLQPRTFLLK,YLRPRTFLL","A*02:01,A*24:02,B*07:02",CVVNRDNDMRF,CATTSLNTGELFF,Covid19,S,TCRvdb,True,TRAV12-1,TRBV6-5
"GYLQPRTFLL,VGYLQPRTF,YLQPRTFLL,YLQPRTFLLK,YLRPRTFLL","A*02:01,A*24:02,B*07:02",CAAVRDNYGQNFVF,CASTHFEPNNRPEAFF,Covid19,S,TCRvdb,True,TRAV41,TRBV7-9
"GYLQPRTFLL,VGYLQPRTF,YLQPRTFLL,YLQPRTFLLK,YLRPRTFLL","A*02:01,A*24:02,B*07:02",CVVNGLGDDMRF,CATQTANTGELFF,Covid19,S,TCRvdb,True,TRAV12-1,TRBV24-1
"GYLQPRTFLL,VGYLQPRTF,YLQPRTFLL,YLQPRTFLLK,YLRPRTFLL","A*02:01,A*24:02,B*07:02",CVVNYDTDKLIF,CATGGLNTGELFF,Covid19,S,TCRvdb,True,TRAV12-1,TRBV2
"GYLQPRTFLL,VGYLQPRTF,YLQPRTFLL,YLQPRTFLLK,YLRPRTFLL","A*02:01,A*24:02,B*07:02",CVVNAPSGNTPLVF,CSARDRQGQNTGELFF,Covid19,S,TCRvdb,True,TRAV12-1,TRBV20-1
"GYLQPRTFLL,VGYLQPRTF,YLQPRTFLL,YLQPRTFLLK,YLRPRTFLL","A*02:01,A*24:02,B*07:02",CVVNSHAGNMLTF,CATQTLNTGELFF,Covid19,S,TCRvdb,True,TRAV12-1,TRBV30
"GYLQPRTFLL,VGYLQPRTF,YLQPRTFLL,YLQPRTFLLK,YLRPRTFLL","A*02:01,A*24:02,B*07:02",CVVNRDTGNQFYF,CAWLRDMNTGELFF,Covid19,S,TCRvdb,True,TRAV12-1,TRBV30
"GYLQPRTFLL,VGYLQPRTF,YLQPRTFLL,YLQPRTFLLK,YLRPRTFLL","A*02:01,A*24:02,B*07:02",CVVNKGNDMRF,CASQDTNTGELFF,Covid19,S,TCRvdb,True,TRAV12-1,TRBV2
"GYLQPRTFLL,VGYLQPRTF,YLQPRTFLL,YLQPRTFLLK,YLRPRTFLL","A*02:01,A*24:02,B*07:02",CAASGDDKIIF,CASSLTGGSYGYTF,Covid19,S,TCRvdb,True,TRAV29/DV5,TRBV7-9
"GYLQPRTFLL,VGYLQPRTF,YLQPRTFLL,YLQPRTFLLK,YLRPRTFLL","A*02:01,A*24:02,B*07:02",CVVNRNNDMRF,CASSEIDTGELFF,Covid19,S,TCRvdb,True,TRAV12-1,TRBV2
"GYLQPRTFLL,VGYLQPRTF,YLQPRTFLL,YLQPRTFLLK,YLRPRTFLL","A*02:01,A*24:02,B*07:02",CAVFMDSNYQLIW,CASSIGESQPQHF,Covid19,S,TCRvdb,True,TRAV5,TRBV19
"GYLQPRTFLL,VGYLQPRTF,YLQPRTFLL,YLQPRTFLLK,YLRPRTFLL","A*02:01,A*24:02,B*07:02",CVVNMPGYSTLTF,CASSDDLGGNTGELFF,Covid19,S,TCRvdb,True,TRAV12-1,TRBV5-4
"GYLQPRTFLL,VGYLQPRTF,YLQPRTFLL,YLQPRTFLLK,YLRPRTFLL","A*02:01,A*24:02,B*07:02",CVVNDPAGSYQLTF,CASSPPSGGNTGELFF,Covid19,S,TCRvdb,True,TRAV12-1,TRBV3-1
"GYLQPRTFLL,VGYLQPRTF,YLQPRTFLL,YLQPRTFLLK,YLRPRTFLL","A*02:01,A*24:02,B*07:02",CVVNDLDDMRF,CASSPDSEQYF,Covid19,S,TCRvdb,True,TRAV12-1,TRBV7-9
"GYLQPRTFLL,VGYLQPRTF,YLQPRTFLL,YLQPRTFLLK,YLRPRTFLL","A*02:01,A*24:02,B*07:02",CVVNRDNDMRF,CASSDVTTGELFF,Covid19,S,TCRvdb,True,TRAV12-1,TRBV2
"GYLQPRTFLL,VGYLQPRTF,YLQPRTFLL,YLQPRTFLLK,YLRPRTFLL","A*02:01,A*24:02,B*07:02",CAVNGDDKIIF,CASSLDIEAFF,Covid19,S,TCRvdb,True,TRAV12-2,TRBV7-9
"GYLQPRTFLL,VGYLQPRTF,YLQPRTFLL,YLQPRTFLLK,YLRPRTFLL","A*02:01,A*24:02,B*07:02",CAVNQDDKIIF,CASSFDIAEFF,Covid19,S,TCRvdb,True,TRAV12-2,TRBV7-9
"GYLQPRTFLL,VGYLQPRTF,YLQPRTFLL,YLQPRTFLLK,YLRPRTFLL","A*02:01,A*24:02,B*07:02",CVVNSHAGNMLTF,CASINLNTGELFF,Covid19,S,TCRvdb,True,TRAV12-1,TRBV12-3
"GYLQPRTFLL,VGYLQPRTF,YLQPRTFLL,YLQPRTFLLK,YLRPRTFLL","A*02:01,A*24:02,B*07:02",CVVNSFDDMRF,CASSLDIEQYF,Covid19,S,TCRvdb,True,TRAV12-1,TRBV7-9
"GYLQPRTFLL,VGYLQPRTF,YLQPRTFLL,YLQPRTFLLK,YLRPRTFLL","A*02:01,A*24:02,B*07:02",CVVNEKDDMRF,CASGKQNTGELFF,Covid19,S,TCRvdb,True,TRAV12-1,TRBV12-3
"GYLQPRTFLL,VGYLQPRTF,YLQPRTFLL,YLQPRTFLLK,YLRPRTFLL","A*02:01,A*24:02,B*07:02",CVVNMQDDMRF,CASQDSNTGELFF,Covid19,S,TCRvdb,True,TRAV12-1,TRBV5-1
"GYLQPRTFLL,VGYLQPRTF,YLQPRTFLL,YLQPRTFLLK,YLRPRTFLL","A*02:01,A*24:02,B*07:02",CVVNQVPGYALNF,CSVEKDRNTGELFF,Covid19,S,TCRvdb,True,TRAV12-1,TRBV29-1
"GYLQPRTFLL,VGYLQPRTF,YLQPRTFLL,YLQPRTFLLK,YLRPRTFLL","A*02:01,A*24:02,B*07:02",CVVNEGDKIIF,CASSADIEQYF,Covid19,S,TCRvdb,True,TRAV12-1,TRBV7-9
"GYLQPRTFLL,VGYLQPRTF,YLQPRTFLL,YLQPRTFLLK,YLRPRTFLL","A*02:01,A*24:02,B*07:02",CVVNNNNDMRF,CAGQGMNTGELFF,Covid19,S,TCRvdb,True,TRAV12-1,TRBV19
"GYLQPRTFLL,VGYLQPRTF,YLQPRTFLL,YLQPRTFLLK,YLRPRTFLL","A*02:01,A*24:02,B*07:02",CAVNADDKIIF,CASSPDILHTF,Covid19,S,TCRvdb,True,TRAV12-2,TRBV7-9
"GYLQPRTFLL,VGYLQPRTF,YLQPRTFLL,YLQPRTFLLK,YLRPRTFLL","A*02:01,A*24:02,B*07:02",CVVNIDTDKLIF,CASPDANTGELFF,Covid19,S,TCRvdb,True,TRAV12-1,TRBV2
"GYLQPRTFLL,VGYLQPRTF,YLQPRTFLL,YLQPRTFLLK,YLRPRTFLL","A*02:01,A*24:02,B*07:02",CVVNNNNDMRF,CASGEANTGELFF,Covid19,S,TCRvdb,True,TRAV12-1,TRBV12-3
"GYLQPRTFLL,VGYLQPRTF,YLQPRTFLL,YLQPRTFLLK,YLRPRTFLL","A*02:01,A*24:02,B*07:02",CVVNTGLTGGGNKLTF,CAEQDMNTGELFF,Covid19,S,TCRvdb,True,TRAV12-1,TRBV2
"GYLQPRTFLL,VGYLQPRTF,YLQPRTFLL,YLQPRTFLLK,YLRPRTFLL","A*02:01,A*24:02,B*07:02",CVVNRVDGYALNF,CAWEDRNTGELFF,Covid19,S,TCRvdb,True,TRAV12-1,TRBV30
"GYLQPRTFLL,VGYLQPRTF,YLQPRTFLL,YLQPRTFLLK,YLRPRTFLL","A*02:01,A*24:02,B*07:02",CAVNMLLGGGADGLTF,CASSLDIEAFF,Covid19,S,TCRvdb,True,TRAV12-2,TRBV7-9
"GYLQPRTFLL,VGYLQPRTF,YLQPRTFLL,YLQPRTFLLK,YLRPRTFLL","A*02:01,A*24:02,B*07:02",CAVNRDDKIIF,CASSTQDSLVLHF,Covid19,S,TCRvdb,True,TRAV12-2,TRBV7-8
"GYLQPRTFLL,VGYLQPRTF,YLQPRTFLL,YLQPRTFLLK,YLRPRTFLL","A*02:01,A*24:02,B*07:02",CVVNEADKLIF,CASSEQNTGELFF,Covid19,S,TCRvdb,True,TRAV12-1,TRBV9
"GYLQPRTFLL,VGYLQPRTF,YLQPRTFLL,YLQPRTFLLK,YLRPRTFLL","A*02:01,A*24:02,B*07:02",CVVNNAGNMLTF,CATQNLNTGELFF,Covid19,S,TCRvdb,True,TRAV12-1,TRBV15
"GYLQPRTFLL,VGYLQPRTF,YLQPRTFLL,YLQPRTFLLK,YLRPRTFLL","A*02:01,A*24:02,B*07:02",CVVNNPNSGYALNF,CASSPTGGGNTGELFF,Covid19,S,TCRvdb,True,TRAV12-1,TRBV13
"GYLQPRTFLL,VGYLQPRTF,YLQPRTFLL,YLQPRTFLLK,YLRPRTFLL","A*02:01,A*24:02,B*07:02",CVVNNNNDMRF,CASTELDTGELFF,Covid19,S,TCRvdb,True,TRAV12-1,TRBV6-5
"GYLQPRTFLL,VGYLQPRTF,YLQPRTFLL,YLQPRTFLLK,YLRPRTFLL","A*02:01,A*24:02,B*07:02",CVEVNDYKLSF,CASSEIAGGNTGELFF,Covid19,S,TCRvdb,True,TRAV12-1,TRBV2
"GYLQPRTFLL,VGYLQPRTF,YLQPRTFLL,YLQPRTFLLK,YLRPRTFLL","A*02:01,A*24:02,B*07:02",CVVNRGDGLTF,CSARDQQGQNTGELFF,Covid19,S,TCRvdb,True,TRAV12-1,TRBV20-1
"GYLQPRTFLL,VGYLQPRTF,YLQPRTFLL,YLQPRTFLLK,YLRPRTFLL","A*02:01,A*24:02,B*07:02",CVVNKGDKLIF,CASSPDIEAFF,Covid19,S,TCRvdb,True,TRAV12-1,TRBV7-9
"GYLQPRTFLL,VGYLQPRTF,YLQPRTFLL,YLQPRTFLLK,YLRPRTFLL","A*02:01,A*24:02,B*07:02",CVVNEPVGNTPLVF,CSVTRDSNTGELFF,Covid19,S,TCRvdb,True,TRAV12-1,TRBV20-1
"GYLQPRTFLL,VGYLQPRTF,YLQPRTFLL,YLQPRTFLLK,YLRPRTFLL","A*02:01,A*24:02,B*07:02",CVVNMGRGYSTLTF,CASSPVAGGNTGELFF,Covid19,S,TCRvdb,True,TRAV12-1,TRBV5-6
"GYLQPRTFLL,VGYLQPRTF,YLQPRTFLL,YLQPRTFLLK,YLRPRTFLL","A*02:01,A*24:02,B*07:02",CAVNRDDKIIF,CASSPDILAFF,Covid19,S,TCRvdb,True,TRAV12-2,TRBV7-9
"GYLQPRTFLL,VGYLQPRTF,YLQPRTFLL,YLQPRTFLLK,YLRPRTFLL","A*02:01,A*24:02,B*07:02",CVVNKDNDMRF,CASQDINTGELFF,Covid19,S,TCRvdb,True,TRAV12-1,TRBV6-2
"GYLQPRTFLL,VGYLQPRTF,YLQPRTFLL,YLQPRTFLLK,YLRPRTFLL","A*02:01,A*24:02,B*07:02",CVVNGGDKIIF,CASSLDIEAFF,Covid19,S,TCRvdb,True,TRAV12-1,TRBV7-9
"GYLQPRTFLL,VGYLQPRTF,YLQPRTFLL,YLQPRTFLLK,YLRPRTFLL","A*02:01,A*24:02,B*07:02",CVVNQADKLSF,CASSPDIEAFF,Covid19,S,TCRvdb,True,TRAV12-1,TRBV7-9
"GYLQPRTFLL,VGYLQPRTF,YLQPRTFLL,YLQPRTFLLK,YLRPRTFLL","A*02:01,A*24:02,B*07:02",CVVNMETDKLIF,CASDRDRNTGELFF,Covid19,S,TCRvdb,True,TRAV12-1,TRBV2
"GYLQPRTFLL,VGYLQPRTF,YLQPRTFLL,YLQPRTFLLK,YLRPRTFLL","A*02:01,A*24:02,B*07:02",CVVNQPGGYNKLIF,CASSELAGGNTGELFF,Covid19,S,TCRvdb,True,TRAV12-1,TRBV2
"GYLQPRTFLL,VGYLQPRTF,YLQPRTFLL,YLQPRTFLLK,YLRPRTFLL","A*02:01,A*24:02,B*07:02",CVVNIYNDMRF,CASSDIDSGELFF,Covid19,S,TCRvdb,True,TRAV12-1,TRBV2
"GYLQPRTFLL,VGYLQPRTF,YLQPRTFLL,YLQPRTFLLK,YLRPRTFLL","A*02:01,A*24:02,B*07:02",CVVNKEDDMRF,CARGDRNTGELFF,Covid19,S,TCRvdb,True,TRAV12-1,TRBV6-1
"GYLQPRTFLL,VGYLQPRTF,YLQPRTFLL,YLQPRTFLLK,YLRPRTFLL","A*02:01,A*24:02,B*07:02",CVVNMATDKLIF,CASGGTNTGELFF,Covid19,S,TCRvdb,True,TRAV12-1,TRBV2
"GYLQPRTFLL,VGYLQPRTF,YLQPRTFLL,YLQPRTFLLK,YLRPRTFLL","A*02:01,A*24:02,B*07:02",CVVNEEDKLIF,CAGSTSLTGELFF,Covid19,S,TCRvdb,True,TRAV12-1,TRBV7-9
"GYLQPRTFLL,VGYLQPRTF,YLQPRTFLL,YLQPRTFLLK,YLRPRTFLL","A*02:01,A*24:02,B*07:02",CVVNGEDDMRF,CASIRDHNTGELFF,Covid19,S,TCRvdb,True,TRAV12-1,TRBV5-4
"GYLQPRTFLL,VGYLQPRTF,YLQPRTFLL,YLQPRTFLLK,YLRPRTFLL","A*02:01,A*24:02,B*07:02",CVVNSNNDMRF,CASSELNTGELFF,Covid19,S,TCRvdb,True,TRAV12-1,TRBV2
"GYLQPRTFLL,VGYLQPRTF,YLQPRTFLL,YLQPRTFLLK,YLRPRTFLL","A*02:01,A*24:02,B*07:02",CVVTLNSGGYQKVTF,CAPGSANTGELFF,Covid19,S,TCRvdb,True,TRAV8-2,TRBV7-9
"GYLQPRTFLL,VGYLQPRTF,YLQPRTFLL,YLQPRTFLLK,YLRPRTFLL","A*02:01,A*24:02,B*07:02",CVVNGMNDMRF,CAAGDANTGELFF,Covid19,S,TCRvdb,True,TRAV12-1,TRBV5-1
"GYLQPRTFLL,VGYLQPRTF,YLQPRTFLL,YLQPRTFLLK,YLRPRTFLL","A*02:01,A*24:02,B*07:02",CVVNYPAGDYKLSF,CASSILAGGNTGELFF,Covid19,S,TCRvdb,True,TRAV12-1,TRBV19
"GYLQPRTFLL,VGYLQPRTF,YLQPRTFLL,YLQPRTFLLK,YLRPRTFLL","A*02:01,A*24:02,B*07:02",CAVNGLGMGGGADGLTF,CASSPDIEAFF,Covid19,S,TCRvdb,True,TRAV12-2,TRBV7-9
"GYLQPRTFLL,VGYLQPRTF,YLQPRTFLL,YLQPRTFLLK,YLRPRTFLL","A*02:01,A*24:02,B*07:02",CVVNMNNDMRF,CADQDSNTGELFF,Covid19,S,TCRvdb,True,TRAV12-1,TRBV7-8
"GYLQPRTFLL,VGYLQPRTF,YLQPRTFLL,YLQPRTFLLK,YLRPRTFLL","A*02:01,A*24:02,B*07:02",CVVNLLNDMRF,CAGQGLNTGELFF,Covid19,S,TCRvdb,True,TRAV12-1,TRBV19
"GYLQPRTFLL,VGYLQPRTF,YLQPRTFLL,YLQPRTFLLK,YLRPRTFLL","A*02:01,A*24:02,B*07:02",CVVNEADKLIF,CSARDGVAHNTGELFF,Covid19,S,TCRvdb,True,TRAV12-1,TRBV20-1
"GYLQPRTFLL,VGYLQPRTF,YLQPRTFLL,YLQPRTFLLK,YLRPRTFLL","A*02:01,A*24:02,B*07:02",CVVNGNTDKLIF,CASNEQNSNEQFF,Covid19,S,TCRvdb,True,TRAV12-1,TRBV7-9
"GYLQPRTFLL,VGYLQPRTF,YLQPRTFLL,YLQPRTFLLK,YLRPRTFLL","A*02:01,A*24:02,B*07:02",CVVNREDMLTF,CAWTRDRNTGELFF,Covid19,S,TCRvdb,True,TRAV12-1,TRBV30
"GYLQPRTFLL,VGYLQPRTF,YLQPRTFLL,YLQPRTFLLK,YLRPRTFLL","A*02:01,A*24:02,B*07:02",CVVNGLINNAGNMLTF,CATQGMNTGELFF,Covid19,S,TCRvdb,True,TRAV12-1,TRBV2
"GYLQPRTFLL,VGYLQPRTF,YLQPRTFLL,YLQPRTFLLK,YLRPRTFLL","A*02:01,A*24:02,B*07:02",CVVNDAAAGNKLTF,CASQGLNTGELFF,Covid19,S,TCRvdb,True,TRAV12-1,TRBV15
"GYLQPRTFLL,VGYLQPRTF,YLQPRTFLL,YLQPRTFLLK,YLRPRTFLL","A*02:01,A*24:02,B*07:02",CVVNNNNDMRF,CATQDTNTGELFF,Covid19,S,TCRvdb,True,TRAV12-1,TRBV3-1
"GYLQPRTFLL,VGYLQPRTF,YLQPRTFLL,YLQPRTFLLK,YLRPRTFLL","A*02:01,A*24:02,B*07:02",CVVNNNNDMRF,CAIEDLNTGELFF,Covid19,S,TCRvdb,True,TRAV12-1,TRBV6-5
"GYLQPRTFLL,VGYLQPRTF,YLQPRTFLL,YLQPRTFLLK,YLRPRTFLL","A*02:01,A*24:02,B*07:02",CVVNDGNDMRF,CASSDLDTGELFF,Covid19,S,TCRvdb,True,TRAV12-1,TRBV2
"GYLQPRTFLL,VGYLQPRTF,YLQPRTFLL,YLQPRTFLLK,YLRPRTFLL","A*02:01,A*24:02,B*07:02",CVVNAGDKLTF,CASSPDIEQFF,Covid19,S,TCRvdb,True,TRAV12-1,TRBV7-9
"GYLQPRTFLL,VGYLQPRTF,YLQPRTFLL,YLQPRTFLLK,YLRPRTFLL","A*02:01,A*24:02,B*07:02",CVVNVRDRLMF,CASTDDIEAFF,Covid19,S,TCRvdb,True,TRAV12-1,TRBV7-9
"GYLQPRTFLL,VGYLQPRTF,YLQPRTFLL,YLQPRTFLLK,YLRPRTFLL","A*02:01,A*24:02,B*07:02",CVVNKDDKIIF,CALSDQNTGELFF,Covid19,S,TCRvdb,True,TRAV12-1,TRBV7-8
"GYLQPRTFLL,VGYLQPRTF,YLQPRTFLL,YLQPRTFLLK,YLRPRTFLL","A*02:01,A*24:02,B*07:02",CVVNRNDDMRF,CSAQWDRNTGELFF,Covid19,S,TCRvdb,True,TRAV12-1,TRBV29-1
"GYLQPRTFLL,VGYLQPRTF,YLQPRTFLL,YLQPRTFLLK,YLRPRTFLL","A*02:01,A*24:02,B*07:02",CVVNAYDKLIF,CASSSEIEAFF,Covid19,S,TCRvdb,True,TRAV12-1,TRBV7-9
"GYLQPRTFLL,VGYLQPRTF,YLQPRTFLL,YLQPRTFLLK,YLRPRTFLL","A*02:01,A*24:02,B*07:02",CVVNEEDALIF,CSARDAGGQNTGELFF,Covid19,S,TCRvdb,True,TRAV12-1,TRBV20-1
"GYLQPRTFLL,VGYLQPRTF,YLQPRTFLL,YLQPRTFLLK,YLRPRTFLL","A*02:01,A*24:02,B*07:02",CVVNEENDMRF,CASRGPGQMNTGELFF,Covid19,S,TCRvdb,True,TRAV12-1,TRBV2
"GYLQPRTFLL,VGYLQPRTF,YLQPRTFLL,YLQPRTFLLK,YLRPRTFLL","A*02:01,A*24:02,B*07:02",CVVNEGDKLIF,CAWDRDHNTGELFF,Covid19,S,TCRvdb,True,TRAV12-1,TRBV30
"GYLQPRTFLL,VGYLQPRTF,YLQPRTFLL,YLQPRTFLLK,YLRPRTFLL","A*02:01,A*24:02,B*07:02",CVVNRDDKIIF,CASGHPNDLKAFF,Covid19,S,TCRvdb,True,TRAV12-1,TRBV7-9
"GYLQPRTFLL,VGYLQPRTF,YLQPRTFLL,YLQPRTFLLK,YLRPRTFLL","A*02:01,A*24:02,B*07:02",CILNRDDKIIF,CASSVSPNEQFF,Covid19,S,TCRvdb,True,TRAV26-2,TRBV9
"GYLQPRTFLL,VGYLQPRTF,YLQPRTFLL,YLQPRTFLLK,YLRPRTFLL","A*02:01,A*24:02,B*07:02",CVVNDLDKLIF,CASSPEDTQYF,Covid19,S,TCRvdb,True,TRAV12-1,TRBV7-9
"GYLQPRTFLL,VGYLQPRTF,YLQPRTFLL,YLQPRTFLLK,YLRPRTFLL","A*02:01,A*24:02,B*07:02",CVVNKGNDMRF,CASSDLDTGELFF,Covid19,S,TCRvdb,True,TRAV12-1,TRBV2
"GYLQPRTFLL,VGYLQPRTF,YLQPRTFLL,YLQPRTFLLK,YLRPRTFLL","A*02:01,A*24:02,B*07:02",CVVNNNNDMRF,CAEGNLNTGELFF,Covid19,S,TCRvdb,True,TRAV12-1,TRBV2
"GYLQPRTFLL,VGYLQPRTF,YLQPRTFLL,YLQPRTFLLK,YLRPRTFLL","A*02:01,A*24:02,B*07:02",CAASYSLNMRF,CASSQRTGGSGELFF,Covid19,S,TCRvdb,True,TRAV29/DV5,TRBV13
"GYLQPRTFLL,VGYLQPRTF,YLQPRTFLL,YLQPRTFLLK,YLRPRTFLL","A*02:01,A*24:02,B*07:02",CVVNKEDDMRF,CATLTDANTGELFF,Covid19,S,TCRvdb,True,TRAV12-1,TRBV25-1
"GYLQPRTFLL,VGYLQPRTF,YLQPRTFLL,YLQPRTFLLK,YLRPRTFLL","A*02:01,A*24:02,B*07:02",CAAVNNNARLMF,CASSEGESNTGELFF,Covid19,S,TCRvdb,True,TRAV38-2/DV8,TRBV9
"GYLQPRTFLL,VGYLQPRTF,YLQPRTFLL,YLQPRTFLLK,YLRPRTFLL","A*02:01,A*24:02,B*07:02",CVVNKGNDMRF,CASNDLNTGELFF,Covid19,S,TCRvdb,True,TRAV12-1,TRBV2
"GYLQPRTFLL,VGYLQPRTF,YLQPRTFLL,YLQPRTFLLK,YLRPRTFLL","A*02:01,A*24:02,B*07:02",CVVNRGNDMRF,CASGQLNTGELFF,Covid19,S,TCRvdb,True,TRAV12-1,TRBV2
"GYLQPRTFLL,VGYLQPRTF,YLQPRTFLL,YLQPRTFLLK,YLRPRTFLL","A*02:01,A*24:02,B*07:02",CVVNREDDMRF,CAIIDRNTGELFF,Covid19,S,TCRvdb,True,TRAV12-1,TRBV5-8
"GYLQPRTFLL,VGYLQPRTF,YLQPRTFLL,YLQPRTFLLK,YLRPRTFLL","A*02:01,A*24:02,B*07:02",CVVNNNNDMRF,CASINLNTGELFF,Covid19,S,TCRvdb,True,TRAV12-1,TRBV12-3
"GYLQPRTFLL,VGYLQPRTF,YLQPRTFLL,YLQPRTFLLK,YLRPRTFLL","A*02:01,A*24:02,B*07:02",CAVNRDDKIIF,CASSPDIVAFF,Covid19,S,TCRvdb,True,TRAV12-2,TRBV7-9
"GYLQPRTFLL,VGYLQPRTF,YLQPRTFLL,YLQPRTFLLK,YLRPRTFLL","A*02:01,A*24:02,B*07:02",CAVDRGGGKLIF,CSVEDGSGELFF,Covid19,S,TCRvdb,True,TRAV8-3,TRBV29-1
"GYLQPRTFLL,VGYLQPRTF,YLQPRTFLL,YLQPRTFLLK,YLRPRTFLL","A*02:01,A*24:02,B*07:02",CVVNNNNDMRF,CAVEGNLNTGELFF,Covid19,S,TCRvdb,True,TRAV12-1,TRBV2
"GYLQPRTFLL,VGYLQPRTF,YLQPRTFLL,YLQPRTFLLK,YLRPRTFLL","A*02:01,A*24:02,B*07:02",CVVNLPEGNTPLVF,CSARGGQGLNTGELFF,Covid19,S,TCRvdb,True,TRAV12-1,TRBV20-1
"GYLQPRTFLL,VGYLQPRTF,YLQPRTFLL,YLQPRTFLLK,YLRPRTFLL","A*02:01,A*24:02,B*07:02",CAATDYGGSQGNLIF,CASSLAGVSHTQYF,Covid19,S,TCRvdb,True,TRAV29/DV5,TRBV19
"GYLQPRTFLL,VGYLQPRTF,YLQPRTFLL,YLQPRTFLLK,YLRPRTFLL","A*02:01,A*24:02,B*07:02",CAALGGSEKLVF,CASSQVASSEAFF,Covid19,S,TCRvdb,True,TRAV29/DV5,TRBV14
"GYLQPRTFLL,VGYLQPRTF,YLQPRTFLL,YLQPRTFLLK,YLRPRTFLL","A*02:01,A*24:02,B*07:02",CAEWMDSSYKLIF,CSATVNRDYNEQFF,Covid19,S,TCRvdb,True,TRAV5,TRBV20-1
"GYLQPRTFLL,VGYLQPRTF,YLQPRTFLL,YLQPRTFLLK,YLRPRTFLL","A*02:01,A*24:02,B*07:02",CVVNRGDKLIF,CASGEGNTGELFF,Covid19,S,TCRvdb,True,TRAV12-1,TRBV7-9
"GYLQPRTFLL,VGYLQPRTF,YLQPRTFLL,YLQPRTFLLK,YLRPRTFLL","A*02:01,A*24:02,B*07:02",CVVNRDNDMRF,CASMEENTGELFF,Covid19,S,TCRvdb,True,TRAV12-1,TRBV5-1
"GYLQPRTFLL,VGYLQPRTF,YLQPRTFLL,YLQPRTFLLK,YLRPRTFLL","A*02:01,A*24:02,B*07:02",CVVNKEDRLMF,CASHSDRNTGELFF,Covid19,S,TCRvdb,True,TRAV12-1,TRBV7-8
"GYLQPRTFLL,VGYLQPRTF,YLQPRTFLL,YLQPRTFLLK,YLRPRTFLL","A*02:01,A*24:02,B*07:02",CVVNILDDMRF,CASSPEDIQYF,Covid19,S,TCRvdb,True,TRAV12-1,TRBV7-9
"GYLQPRTFLL,VGYLQPRTF,YLQPRTFLL,YLQPRTFLLK,YLRPRTFLL","A*02:01,A*24:02,B*07:02",CAVNRYDKIIF,CASSPDIGAFF,Covid19,S,TCRvdb,True,TRAV12-2,TRBV7-9
"GYLQPRTFLL,VGYLQPRTF,YLQPRTFLL,YLQPRTFLLK,YLRPRTFLL","A*02:01,A*24:02,B*07:02",CVVNNPDSGYALNF,CASSPLGGGNTGELFF,Covid19,S,TCRvdb,True,TRAV12-1,TRBV3-1
"GYLQPRTFLL,VGYLQPRTF,YLQPRTFLL,YLQPRTFLLK,YLRPRTFLL","A*02:01,A*24:02,B*07:02",CVVNKMDDMRF,CSARTDHNTGELFF,Covid19,S,TCRvdb,True,TRAV12-1,TRBV20-1
"GYLQPRTFLL,VGYLQPRTF,YLQPRTFLL,YLQPRTFLLK,YLRPRTFLL","A*02:01,A*24:02,B*07:02",CVVNGNNNDMRF,CASSDLNTGELFF,Covid19,S,TCRvdb,True,TRAV12-1,TRBV2
"GYLQPRTFLL,VGYLQPRTF,YLQPRTFLL,YLQPRTFLLK,YLRPRTFLL","A*02:01,A*24:02,B*07:02",CMNNAGNMLTF,CSVGELNTGELFF,Covid19,S,TCRvdb,True,TRAV23/DV6,TRBV20-1
"GYLQPRTFLL,VGYLQPRTF,YLQPRTFLL,YLQPRTFLLK,YLRPRTFLL","A*02:01,A*24:02,B*07:02",CAVNRDDKIIF,CASSPDIEQFF,Covid19,S,TCRvdb,True,TRAV12-2,TRBV7-9
"GYLQPRTFLL,VGYLQPRTF,YLQPRTFLL,YLQPRTFLLK,YLRPRTFLL","A*02:01,A*24:02,B*07:02",CVVNGNTDKLIF,CASPNQNTGELFF,Covid19,S,TCRvdb,True,TRAV12-1,TRBV2
"GYLQPRTFLL,VGYLQPRTF,YLQPRTFLL,YLQPRTFLLK,YLRPRTFLL","A*02:01,A*24:02,B*07:02",CVVNRADDMRF,CAAGQGNTGELFF,Covid19,S,TCRvdb,True,TRAV12-1,TRBV12-3
"GYLQPRTFLL,VGYLQPRTF,YLQPRTFLL,YLQPRTFLLK,YLRPRTFLL","A*02:01,A*24:02,B*07:02",CVVNRNNDMRF,CALGDLNTGELFF,Covid19,S,TCRvdb,True,TRAV12-1,TRBV12-3
"GYLQPRTFLL,VGYLQPRTF,YLQPRTFLL,YLQPRTFLLK,YLRPRTFLL","A*02:01,A*24:02,B*07:02",CVVNGADKLIF,CARGLANTGELFF,Covid19,S,TCRvdb,True,TRAV12-1,TRBV7-9
"GYLQPRTFLL,VGYLQPRTF,YLQPRTFLL,YLQPRTFLLK,YLRPRTFLL","A*02:01,A*24:02,B*07:02",CVVNVMDDMRF,CASSPDRNTGELFF,Covid19,S,TCRvdb,True,TRAV12-1,TRBV5-4
"GYLQPRTFLL,VGYLQPRTF,YLQPRTFLL,YLQPRTFLLK,YLRPRTFLL","A*02:01,A*24:02,B*07:02",CVVNEPLSGYSTLTF,CASSPTGGGNTGELFF,Covid19,S,TCRvdb,True,TRAV12-1,TRBV28
"GYLQPRTFLL,VGYLQPRTF,YLQPRTFLL,YLQPRTFLLK,YLRPRTFLL","A*02:01,A*24:02,B*07:02",CVVNNEDDMRF,CGSGIQNTGELFF,Covid19,S,TCRvdb,True,TRAV12-1,TRBV12-3
"GYLQPRTFLL,VGYLQPRTF,YLQPRTFLL,YLQPRTFLLK,YLRPRTFLL","A*02:01,A*24:02,B*07:02",CVVNDGDKIIF,CASSSDIIAFF,Covid19,S,TCRvdb,True,TRAV12-1,TRBV7-9
"GYLQPRTFLL,VGYLQPRTF,YLQPRTFLL,YLQPRTFLLK,YLRPRTFLL","A*02:01,A*24:02,B*07:02",CVVNDRDRLMF,CASQDRNTGELFF,Covid19,S,TCRvdb,True,TRAV12-1,TRBV2
"GYLQPRTFLL,VGYLQPRTF,YLQPRTFLL,YLQPRTFLLK,YLRPRTFLL","A*02:01,A*24:02,B*07:02",CVVNGKTGNQFYF,CASGDLNTGELFF,Covid19,S,TCRvdb,True,TRAV12-1,TRBV5-4
"GYLQPRTFLL,VGYLQPRTF,YLQPRTFLL,YLQPRTFLLK,YLRPRTFLL","A*02:01,A*24:02,B*07:02",CVVNGNNDMRF,CARQDSNTGELFF,Covid19,S,TCRvdb,True,TRAV12-1,TRBV12-3
"GYLQPRTFLL,VGYLQPRTF,YLQPRTFLL,YLQPRTFLLK,YLRPRTFLL","A*02:01,A*24:02,B*07:02",CVVNMPGAGSYQLTF,CASSPVAGGNTGELFF,Covid19,S,TCRvdb,True,TRAV12-1,TRBV13
"GYLQPRTFLL,VGYLQPRTF,YLQPRTFLL,YLQPRTFLLK,YLRPRTFLL","A*02:01,A*24:02,B*07:02",CVVNSDTDKLIF,CASGGTNTGELFF,Covid19,S,TCRvdb,True,TRAV12-1,TRBV2
"GYLQPRTFLL,VGYLQPRTF,YLQPRTFLL,YLQPRTFLLK,YLRPRTFLL","A*02:01,A*24:02,B*07:02",CVVNNNNDMRF,CARGDANTGELFF,Covid19,S,TCRvdb,True,TRAV12-1,TRBV12-3
"GYLQPRTFLL,VGYLQPRTF,YLQPRTFLL,YLQPRTFLLK,YLRPRTFLL","A*02:01,A*24:02,B*07:02",CAEIGDDKIIF,CATTVPGLAYNEQFF,Covid19,S,TCRvdb,True,TRAV5,TRBV15
